Id,True,Forecasts
s001h1,19.94047619047619,0
s002h1,12.273242630385488,0
s003h1,10.572562358276643,0
s004h1,14.07312925170068,0
s005h1,10.72845804988662,0
s006h1,11.748866213151928,0
s007h1,16.69501133786848,0
s008h1,8.20578231292517,0
s009h1,9.566326530612244,0
s010h1,11.465419501133788,0
s011h1,12.726757369614512,0
s012h1,9.027777777777779,0
s013h1,12.684240362811792,0
s014h1,12.854308390022675,0
s015h1,11.06859410430839,0
s016h1,10.572562358276643,0
s017h1,15.249433106575964,0
s018h1,19.118480725623584,0
s019h1,12.613378684807257,0
s020h1,9.863945578231293,0
s021h1,12.684240362811792,0
s022h1,12.627551020408163,0
s023h1,5.944239873750657,0
s024h1,20.875850340136054,0
s025h1,11.408730158730158,0
s026h1,13.742766964755392,0
s027h1,4.109977324263038,0
s028h1,9.339569160997732,0
s029h1,13.038548752834467,0
s030h1,7.8231292517006805,0
s031h1,9.552154195011338,0
s032h1,14.654195011337869,0
s033h1,8.829365079365079,0
s034h1,24.645691609977323,0
s035h1,11.507936507936508,0
s036h1,5.9523809523809526,0
s037h1,14.214852607709751,0
s038h1,21.286848072562357,0
s039h1,12.585034013605442,0
s040h1,11.904761904761905,0
s041h1,12.769274376417233,0
s042h1,11.87641723356009,0
s043h1,18.197278911564627,0
s044h1,13.109410430839002,0
s045h1,9.197845804988662,0
s046h1,9.098639455782314,0
s047h1,19.94047619047619,0
s048h1,16.18480725623583,0
s049h1,8.701814058956916,0
s050h1,12.726757369614512,0
s051h1,9.442398737506576,0
s052h1,13.203577064702788,0
s053h1,8.390320883745398,0
s054h1,12.230405049973697,0
s055h1,6.9305628616517625,0
s056h1,6.943713834823777,0
s057h1,14.8211467648606,0
s058h1,10.42872172540768,0
s059h1,7.2987901104681745,0
s060h1,13.137822198842715,0
s061h1,9.100473435034193,0
s062h1,10.007890583903208,0
s063h1,11.059968437664388,0
s064h1,8.95581273014203,0
s065h1,16.201998947922146,0
s066h1,17.148869016307206,0
s067h1,20.41031036296686,0
s068h1,37.835349815886374,0
s069h1,10.520778537611783,0
s070h1,8.890057864281957,0
s071h1,9.771173066806943,0
s072h1,10.862703840084166,0
s073h1,14.479221462388217,0
s074h1,9.258285113098369,0
s075h1,13.545502367175171,0
s076h1,12.927406628090479,0
s077h1,13.177275118358759,0
s078h1,13.361388742766964,0
s079h1,9.665965281430825,0
s080h1,12.322461862177802,0
s081h1,4.629142556549184,0
s082h1,10.060494476591268,0
s083h1,18.16149395055234,0
s084h1,13.203577064702788,0
s085h1,9.310889005786429,0
s086h1,8.548132561809574,0
s087h1,11.783271962125196,0
s088h1,7.851130983692793,0
s089h1,12.62493424513414,0
s090h1,10.783798001052078,0
s091h1,10.257759074171489,0
s092h1,10.310362966859548,0
s093h1,20.21304576538664,0
s094h1,15.741714886901631,0
s095h1,17.254076801683325,0
s096h1,18.358758548132563,0
s097h1,4.944765912677538,0
s098h1,14.084692267227775,0
s099h1,11.572856391372962,0
s100h1,12.29615991583377,0
s101h1,18.83503401360544,0
s102h1,15.079365079365079,0
s103h1,6.1933106575963714,0
s104h1,17.403628117913833,0
s105h1,13.151927437641723,0
s106h1,10.870181405895691,0
s107h1,11.848072562358277,0
s108h1,10.714285714285714,0
s109h1,14.59750566893424,0
s110h1,15.306122448979592,0
s111h1,9.665965281430825,0
s001h2,28.61394557823129,0
s002h2,16.765873015873016,0
s003h2,19.217687074829932,0
s004h2,17.03514739229025,0
s005h2,15.405328798185941,0
s006h2,13.40702947845805,0
s007h2,19.17517006802721,0
s008h2,17.233560090702948,0
s009h2,10.742630385487528,0
s010h2,18.381519274376416,0
s011h2,10.01984126984127,0
s012h2,10.104875283446711,0
s013h2,13.40702947845805,0
s014h2,10.714285714285714,0
s015h2,13.88888888888889,0
s016h2,21.499433106575964,0
s017h2,17.672902494331066,0
s018h2,16.496598639455783,0
s019h2,15.972222222222221,0
s020h2,15.192743764172336,0
s021h2,9.764739229024944,0
s022h2,13.605442176870747,0
s023h2,11.362440820620726,0
s024h2,26.85657596371882,0
s025h2,14.55498866213152,0
s026h2,18.200946870068385,0
s027h2,5.470521541950113,0
s028h2,12.25907029478458,0
s029h2,15.986394557823129,0
s030h2,10.16156462585034,0
s031h2,16.17063492063492,0
s032h2,13.392857142857142,0
s033h2,12.78344671201814,0
s034h2,25.751133786848072,0
s035h2,14.498299319727892,0
s036h2,7.412131519274377,0
s037h2,16.3265306122449,0
s038h2,23.115079365079364,0
s039h2,16.298185941043084,0
s040h2,14.285714285714286,0
s041h2,14.909297052154194,0
s042h2,11.748866213151928,0
s043h2,18.027210884353742,0
s044h2,14.682539682539682,0
s045h2,13.052721088435375,0
s046h2,10.997732426303855,0
s047h2,28.61394557823129,0
s048h2,18.452380952380953,0
s049h2,11.026077097505668,0
s050h2,10.01984126984127,0
s051h2,11.638611257233036,0
s052h2,15.412940557601262,0
s053h2,10.48132561809574,0
s054h2,16.82009468700684,0
s055h2,8.324566017885324,0
s056h2,9.218832193582324,0
s057h2,18.095739084692266,0
s058h2,14.203051025775908,0
s059h2,8.048395581273015,0
s060h2,15.347185691741188,0
s061h2,13.453445554971069,0
s062h2,17.056812204103103,0
s063h2,9.258285113098369,0
s064h2,14.544976328248291,0
s065h2,20.55497106785902,0
s066h2,21.370331404523935,0
s067h2,23.35612835349816,0
s068h2,41.78064176749079,0
s069h2,13.229879011046817,0
s070h2,11.835875854813256,0
s071h2,13.492898474487111,0
s072h2,16.964755391899,0
s073h2,15.307732772225144,0
s074h2,9.337190952130458,0
s075h2,11.756970015781167,0
s076h2,11.730668069437138,0
s077h2,12.887953708574434,0
s078h2,14.610731194108364,0
s079h2,10.70489216201999,0
s080h2,18.31930562861652,0
s081h2,5.352446081009995,0
s082h2,9.350341925302473,0
s083h2,23.211467648605996,0
s084h2,12.82219884271436,0
s085h2,10.349815886375591,0
s086h2,9.521304576538665,0
s087h2,13.400841662283009,0
s088h2,9.218832193582324,0
s089h2,7.50920568122041,0
s090h2,16.070489216202,0
s091h2,11.191478169384535,0
s092h2,17.635455023671753,0
s093h2,20.568122041031035,0
s094h2,18.174644923724355,0
s095h2,22.014729089952656,0
s096h2,16.438716465018413,0
s097h2,9.573908469226723,0
s098h2,17.451341399263544,0
s099h2,13.755917937927407,0
s100h2,9.876380852183061,0
s101h2,23.95124716553288,0
s102h2,18.395691609977323,0
s103h2,4.520975056689342,0
s104h2,18.438208616780045,0
s105h2,11.281179138321995,0
s106h2,13.69047619047619,0
s107h2,11.678004535147393,0
s108h2,12.329931972789115,0
s109h2,20.379818594104307,0
s110h2,18.26814058956916,0
s111h2,10.70489216201999,0
s001h3,37.04648526077097,0
s002h3,21.159297052154194,0
s003h3,34.82142857142857,0
s004h3,27.57936507936508,0
s005h3,27.96201814058957,0
s006h3,20.790816326530614,0
s007h3,21.967120181405896,0
s008h3,20.7624716553288,0
s009h3,9.11281179138322,0
s010h3,17.346938775510203,0
s011h3,21.556122448979593,0
s012h3,12.655895691609977,0
s013h3,23.030045351473923,0
s014h3,20.167233560090704,0
s015h3,20.663265306122447,0
s016h3,33.30498866213152,0
s017h3,23.32766439909297,0
s018h3,29.223356009070294,0
s019h3,36.53628117913832,0
s020h3,19.770408163265305,0
s021h3,14.824263038548754,0
s022h3,20.096371882086167,0
s023h3,15.583903208837453,0
s024h3,29.903628117913833,0
s025h3,22.94501133786848,0
s026h3,14.610731194108364,0
s027h3,5.257936507936508,0
s028h3,20.90419501133787,0
s029h3,30.073696145124718,0
s030h3,17.913832199546484,0
s031h3,17.049319727891156,0
s032h3,24.787414965986393,0
s033h3,24.872448979591837,0
s034h3,37.68424036281179,0
s035h3,19.869614512471657,0
s036h3,16.709183673469386,0
s037h3,18.098072562358276,0
s038h3,35.67176870748299,0
s039h3,20.790816326530614,0
s040h3,19.104308390022677,0
s041h3,25.90702947845805,0
s042h3,20.153061224489797,0
s043h3,23.28514739229025,0
s044h3,18.537414965986393,0
s045h3,19.869614512471657,0
s046h3,18.12641723356009,0
s047h3,37.04648526077097,0
s048h3,33.68764172335601,0
s049h3,20.408163265306122,0
s050h3,21.556122448979593,0
s051h3,17.951078379800105,0
s052h3,31.996317727511837,0
s053h3,9.718569174118885,0
s054h3,19.345081536033668,0
s055h3,11.809573908469227,0
s056h3,10.770647027880063,0
s057h3,15.255128879537086,0
s058h3,17.069963177275117,0
s059h3,12.638085218306154,0
s060h3,17.096265123619148,0
s061h3,18.227248816412416,0
s062h3,26.81483429773803,0
s063h3,11.4281956864808,0
s064h3,16.09679116254603,0
s065h3,29.024197790636507,0
s066h3,33.89005786428196,0
s067h3,26.157285639137296,0
s068h3,48.98737506575487,0
s069h3,19.60810099947396,0
s070h3,19.305628616517623,0
s071h3,15.189374013677012,0
s072h3,18.5691741188848,0
s073h3,20.291951604418728,0
s074h3,13.677012098895318,0
s075h3,19.029458179905312,0
s076h3,14.610731194108364,0
s077h3,10.823250920568123,0
s078h3,20.46291425565492,0
s079h3,18.805891635981062,0
s080h3,23.77695949500263,0
s081h3,12.677538137822198,0
s082h3,15.031562335612835,0
s083h3,32.82482903734876,0
s084h3,15.76801683324566,0
s085h3,11.415044713308784,0
s086h3,14.742240925828511,0
s087h3,27.958968963703313,0
s088h3,7.8248290373487634,0
s089h3,12.506575486586007,0
s090h3,21.65965281430826,0
s091h3,13.716465018411363,0
s092h3,15.610205155181484,0
s093h3,27.1436086270384,0
s094h3,19.950026301946345,0
s095h3,20.199894792214625,0
s096h3,21.778011572856393,0
s097h3,12.480273540241978,0
s098h3,15.307732772225144,0
s099h3,14.8211467648606,0
s100h3,14.978958442924776,0
s101h3,27.15419501133787,0
s102h3,22.51984126984127,0
s103h3,5.498866213151928,0
s104h3,26.601473922902493,0
s105h3,14.965986394557824,0
s106h3,18.565759637188208,0
s107h3,20.025510204081634,0
s108h3,13.860544217687075,0
s109h3,36.15362811791383,0
s110h3,17.233560090702948,0
s111h3,18.805891635981062,0
s001h4,60.92687074829932,0
s002h4,29.931972789115648,0
s003h4,50.35430839002267,0
s004h4,52.49433106575964,0
s005h4,48.17176870748299,0
s006h4,36.02607709750567,0
s007h4,32.21371882086168,0
s008h4,30.796485260770975,0
s009h4,18.055555555555557,0
s010h4,40.433673469387756,0
s011h4,45.71995464852608,0
s012h4,20.28061224489796,0
s013h4,35.2749433106576,0
s014h4,26.899092970521544,0
s015h4,31.179138321995463,0
s016h4,50.21258503401361,0
s017h4,30.243764172335602,0
s018h4,27.29591836734694,0
s019h4,51.162131519274375,0
s020h4,24.33390022675737,0
s021h4,22.789115646258505,0
s022h4,27.38095238095238,0
s023h4,21.344029458179904,0
s024h4,54.0391156462585,0
s025h4,30.357142857142858,0
s026h4,23.934771173066807,0
s027h4,12.45748299319728,0
s028h4,28.68480725623583,0
s029h4,45.45068027210884,0
s030h4,29.591836734693878,0
s031h4,28.89739229024943,0
s032h4,35.67176870748299,0
s033h4,42.07766439909297,0
s034h4,65.63208616780045,0
s035h4,37.82596371882086,0
s036h4,17.517006802721088,0
s037h4,24.220521541950113,0
s038h4,45.762471655328795,0
s039h4,28.642290249433106,0
s040h4,27.650226757369616,0
s041h4,36.87641723356009,0
s042h4,39.21485260770975,0
s043h4,30.938208616780045,0
s044h4,22.774943310657598,0
s045h4,24.971655328798185,0
s046h4,26.318027210884352,0
s047h4,60.92687074829932,0
s048h4,47.50566893424036,0
s049h4,37.21655328798186,0
s050h4,45.71995464852608,0
s051h4,24.59231983166754,0
s052h4,60.84955286691215,0
s053h4,17.74066280904787,0
s054h4,30.444502893214096,0
s055h4,17.083114150447134,0
s056h4,13.926880589163599,0
s057h4,25.933719095213046,0
s058h4,36.05996843766439,0
s059h4,19.226722777485534,0
s060h4,29.6422935297212,0
s061h4,23.05365597054182,0
s062h4,35.20515518148343,0
s063h4,23.35612835349816,0
s064h4,20.68648079957917,0
s065h4,45.462914255654916,0
s066h4,52.866912151499214,0
s067h4,32.86428195686481,0
s068h4,61.41504471330879,0
s069h4,23.961073119410838,0
s070h4,26.11783271962125,0
s071h4,23.32982640715413,0
s072h4,26.578116780641768,0
s073h4,22.63282482903735,0
s074h4,26.564965807469754,0
s075h4,27.511835875854814,0
s076h4,23.014203051025778,0
s077h4,25.72330352446081,0
s078h4,28.458705944239874,0
s079h4,30.31299316149395,0
s080h4,42.88532351394003,0
s081h4,14.360862703840084,0
s082h4,23.632298790110468,0
s083h4,38.387690689111,0
s084h4,23.10625986322988,0
s085h4,18.950552340873223,0
s086h4,20.673329826407155,0
s087h4,41.622830089426614,0
s088h4,12.440820620725933,0
s089h4,17.859021567596002,0
s090h4,28.99789584429248,0
s091h4,22.343503419253025,0
s092h4,27.327722251446605,0
s093h4,44.095213045765384,0
s094h4,27.130457653866387,0
s095h4,25.289321409784325,0
s096h4,33.86375591793793,0
s097h4,18.85849552866912,0
s098h4,21.646501841136246,0
s099h4,22.58022093634929,0
s100h4,24.013677012098896,0
s101h4,35.78514739229025,0
s102h4,38.86054421768708,0
s103h4,10.005668934240363,0
s104h4,44.67120181405895,0
s105h4,21.074263038548754,0
s106h4,27.38095238095238,0
s107h4,26.544784580498867,0
s108h4,33.44671201814059,0
s109h4,51.88492063492063,0
s110h4,30.76814058956916,0
s111h4,30.31299316149395,0
s001h5,49.404761904761905,0
s002h5,29.6343537414966,0
s003h5,36.70634920634921,0
s004h5,33.942743764172334,0
s005h5,38.46371882086168,0
s006h5,45.875850340136054,0
s007h5,35.430839002267575,0
s008h5,33.75850340136054,0
s009h5,7.242063492063492,0
s010h5,25.8078231292517,0
s011h5,38.775510204081634,0
s012h5,23.95124716553288,0
s013h5,32.993197278911566,0
s014h5,29.421768707482993,0
s015h5,29.15249433106576,0
s016h5,28.798185941043084,0
s017h5,41.86507936507937,0
s018h5,33.049886621315196,0
s019h5,36.59297052154195,0
s020h5,35.57256235827664,0
s021h5,22.13718820861678,0
s022h5,26.629818594104307,0
s023h5,16.780641767490796,0
s024h5,48.5969387755102,0
s025h5,30.130385487528343,0
s026h5,30.8916359810626,0
s027h5,10.813492063492063,0
s028h5,27.63605442176871,0
s029h5,41.723356009070294,0
s030h5,21.286848072562357,0
s031h5,29.71938775510204,0
s032h5,29.280045351473923,0
s033h5,32.15702947845805,0
s034h5,60.33163265306123,0
s035h5,30.130385487528343,0
s036h5,18.60827664399093,0
s037h5,9.920634920634921,0
s038h5,36.76303854875283,0
s039h5,27.253401360544217,0
s040h5,25.099206349206348,0
s041h5,30.62641723356009,0
s042h5,28.231292517006803,0
s043h5,30.187074829931973,0
s044h5,28.259637188208618,0
s045h5,27.834467120181404,0
s046h5,24.546485260770975,0
s047h5,49.404761904761905,0
s048h5,51.70068027210884,0
s049h5,28.160430839002267,0
s050h5,38.775510204081634,0
s051h5,28.182535507627563,0
s052h5,48.8427143608627,0
s053h5,18.253550762756444,0
s054h5,28.300894266175696,0
s055h5,16.899000526038925,0
s056h5,20.094687006838505,0
s057h5,31.14150447133088,0
s058h5,37.019989479221465,0
s059h5,23.72435560231457,0
s060h5,27.117306680694373,0
s061h5,32.653866386112576,0
s062h5,11.37559179379274,0
s063h5,25.276170436612308,0
s064h5,6.549184639663335,0
s065h5,50.96002104155708,0
s066h5,33.022093634928986,0
s067h5,35.73119410836402,0
s068h5,63.769068911099424,0
s069h5,38.51920042083114,0
s070h5,27.577590741714886,0
s071h5,16.031036296685954,0
s072h5,24.05312993161494,0
s073h5,31.20725933719095,0
s074h5,21.317727511835876,0
s075h5,32.48290373487638,0
s076h5,18.18779589689637,0
s077h5,25.69700157811678,0
s078h5,31.03629668595476,0
s079h5,29.431877958968965,0
s080h5,39.005786428195684,0
s081h5,11.415044713308784,0
s082h5,17.7669647553919,0
s083h5,48.67175170962651,0
s084h5,28.984744871120462,0
s085h5,24.802735402419778,0
s086h5,27.44608100999474,0
s087h5,26.762230405049973,0
s088h5,3.826933193056286,0
s089h5,9.744871120462914,0
s090h5,29.339821146764862,0
s091h5,27.86691215149921,0
s092h5,28.02472382956339,0
s093h5,35.573382430299844,0
s094h5,26.827985270910048,0
s095h5,42.609153077327726,0
s096h5,31.14150447133088,0
s097h5,15.689110994213571,0
s098h5,39.3740136770121,0
s099h5,26.72277748553393,0
s100h5,20.05523408732246,0
s101h5,19.982993197278912,0
s102h5,39.45578231292517,0
s103h5,7.482993197278912,0
s104h5,44.302721088435376,0
s105h5,16.624149659863946,0
s106h5,30.413832199546484,0
s107h5,31.377551020408163,0
s108h5,20.677437641723355,0
s109h5,39.89512471655329,0
s110h5,42.44614512471655,0
s111h5,29.431877958968965,0
s001h6,30.654761904761905,0
s002h6,12.003968253968255,0
s003h6,17.687074829931973,0
s004h6,7.936507936507937,0
s005h6,17.431972789115648,0
s006h6,11.918934240362812,0
s007h6,18.04138321995465,0
s008h6,7.8939909297052155,0
s009h6,5.753968253968254,0
s010h6,7.270408163265306,0
s011h6,22.548185941043084,0
s012h6,10.770975056689343,0
s013h6,14.994331065759637,0
s014h6,12.967687074829932,0
s015h6,12.372448979591837,0
s016h6,10.856009070294785,0
s017h6,12.712585034013605,0
s018h6,12.585034013605442,0
s019h6,17.1343537414966,0
s020h6,24.14965986394558,0
s021h6,11.678004535147393,0
s022h6,13.435374149659864,0
s023h6,4.0504997369805364,0
s024h6,17.828798185941043,0
s025h6,15.958049886621316,0
s026h6,4.694897422409258,0
s027h6,5.3854875283446715,0
s028h6,12.244897959183673,0
s029h6,16.69501133786848,0
s030h6,8.106575963718821,0
s031h6,11.167800453514738,0
s032h6,15.320294784580499,0
s033h6,4.974489795918367,0
s034h6,34.97732426303855,0
s035h6,4.223356009070295,0
s036h6,4.648526077097506,0
s037h6,2.395124716553288,0
s038h6,8.078231292517007,0
s039h6,12.627551020408163,0
s040h6,15.178571428571429,0
s041h6,12.74092970521542,0
s042h6,15.192743764172336,0
s043h6,10.742630385487528,0
s044h6,11.947278911564625,0
s045h6,10.274943310657596,0
s046h6,14.03061224489796,0
s047h6,30.654761904761905,0
s048h6,20.18140589569161,0
s049h6,14.69671201814059,0
s050h6,22.548185941043084,0
s051h6,15.189374013677012,0
s052h6,11.65176223040505,0
s053h6,7.78537611783272,0
s054h6,13.545502367175171,0
s055h6,8.100999473961073,0
s056h6,3.261441346659653,0
s057h6,11.257233035244608,0
s058h6,14.150447133087848,0
s059h6,7.98264071541294,0
s060h6,15.228826933193057,0
s061h6,9.573908469226723,0
s062h6,0.0,0
s063h6,8.75854813256181,0
s064h6,3.051025775907417,0
s065h6,16.76749079431878,0
s066h6,19.121514992109415,0
s067h6,23.07995791688585,0
s068h6,39.61073119410836,0
s069h6,6.009994739610732,0
s070h6,11.65176223040505,0
s071h6,13.1246712256707,0
s072h6,8.061546554445028,0
s073h6,4.957916885849553,0
s074h6,12.112046291425566,0
s075h6,11.007364544976328,0
s076h6,10.520778537611783,0
s077h6,14.242503945291952,0
s078h6,20.278800631246714,0
s079h6,12.611783271962125,0
s080h6,17.674907943187797,0
s081h6,6.075749605470805,0
s082h6,6.601788532351394,0
s083h6,21.685954760652287,0
s084h6,17.175170962651237,0
s085h6,4.563387690689111,0
s086h6,5.970541820094687,0
s087h6,13.335086796422935,0
s088h6,1.9594950026301947,0
s089h6,6.128353498158864,0
s090h6,14.242503945291952,0
s091h6,12.072593371909521,0
s092h6,8.00894266175697,0
s093h6,26.59126775381378,0
s094h6,12.90110468174645,0
s095h6,21.291425565491846,0
s096h6,14.84744871120463,0
s097h6,4.431877958968964,0
s098h6,16.01788532351394,0
s099h6,14.913203577064703,0
s100h6,7.25933719095213,0
s101h6,16.65249433106576,0
s102h6,7.8231292517006805,0
s103h6,6.235827664399093,0
s104h6,16.59580498866213,0
s105h6,17.106009070294785,0
s106h6,5.62641723356009,0
s107h6,6.802721088435374,0
s108h6,5.711451247165533,0
s109h6,20.19557823129252,0
s110h6,21.286848072562357,0
s111h6,12.611783271962125,0
s001h7,27.692743764172334,0
s002h7,14.725056689342404,0
s003h7,15.065192743764172,0
s004h7,7.695578231292517,0
s005h7,18.622448979591837,0
s006h7,18.863378684807255,0
s007h7,20.833333333333332,0
s008h7,11.63548752834467,0
s009h7,6.051587301587301,0
s010h7,13.251133786848072,0
s011h7,19.217687074829932,0
s012h7,8.262471655328799,0
s013h7,14.569160997732427,0
s014h7,19.160997732426303,0
s015h7,12.414965986394558,0
s016h7,16.099773242630384,0
s017h7,23.95124716553288,0
s018h7,18.027210884353742,0
s019h7,17.120181405895693,0
s020h7,16.36904761904762,0
s021h7,9.197845804988662,0
s022h7,16.39739229024943,0
s023h7,7.8248290373487634,0
s024h7,21.343537414965986,0
s025h7,15.065192743764172,0
s026h7,9.271436086270384,0
s027h7,8.375850340136054,0
s028h7,15.873015873015873,0
s029h7,7.653061224489796,0
s030h7,13.903061224489797,0
s031h7,13.492063492063492,0
s032h7,17.233560090702948,0
s033h7,10.062358276643991,0
s034h7,28.18877551020408,0
s035h7,14.59750566893424,0
s036h7,5.8815192743764175,0
s037h7,16.354875283446713,0
s038h7,17.148526077097507,0
s039h7,13.676303854875284,0
s040h7,16.11394557823129,0
s041h7,14.27154195011338,0
s042h7,17.828798185941043,0
s043h7,16.87925170068027,0
s044h7,16.99263038548753,0
s045h7,13.619614512471655,0
s046h7,16.000566893424036,0
s047h7,27.692743764172334,0
s048h7,13.236961451247165,0
s049h7,13.251133786848072,0
s050h7,19.217687074829932,0
s051h7,6.08890057864282,0
s052h7,16.688584955286693,0
s053h7,6.049447659126775,0
s054h7,17.91162546028406,0
s055h7,7.732772225144661,0
s056h7,9.70541820094687,0
s057h7,15.465544450289322,0
s058h7,8.903208837453972,0
s059h7,14.071541294055761,0
s060h7,15.781167806417676,0
s061h7,14.807995791688585,0
s062h7,12.795896896370332,0
s063h7,11.336138874276697,0
s064h7,11.612309310889005,0
s065h7,20.594423987375066,0
s066h7,20.265649658074697,0
s067h7,25.565491846396633,0
s068h7,23.645449763282482,0
s069h7,12.440820620725933,0
s070h7,16.609679116254604,0
s071h7,14.150447133087848,0
s072h7,8.074697527617044,0
s073h7,11.559705418200947,0
s074h7,13.611257233035245,0
s075h7,13.058916359810626,0
s076h7,14.51867438190426,0
s077h7,15.952130457653867,0
s078h7,21.870068385060495,0
s079h7,7.653866386112572,0
s080h7,19.292477643345606,0
s081h7,6.404523934771173,0
s082h7,9.652814308258812,0
s083h7,19.35823250920568,0
s084h7,18.582325092056813,0
s085h7,8.4823776959495,0
s086h7,13.755917937927407,0
s087h7,16.530773277222515,0
s088h7,11.007364544976328,0
s089h7,7.127827459231983,0
s090h7,14.873750657548658,0
s091h7,13.953182535507628,0
s092h7,10.757496054708048,0
s093h7,22.987901104681747,0
s094h7,16.01788532351394,0
s095h7,21.015255128879538,0
s096h7,18.16149395055234,0
s097h7,11.599158337716991,0
s098h7,18.293003682272488,0
s099h7,11.941083640189374,0
s100h7,10.113098369279326,0
s101h7,16.18480725623583,0
s102h7,17.602040816326532,0
s103h7,8.985260770975056,0
s104h7,25.42517006802721,0
s105h7,15.504535147392291,0
s106h7,13.010204081632653,0
s107h7,19.160997732426303,0
s108h7,5.371315192743764,0
s109h7,23.200113378684808,0
s110h7,20.493197278911566,0
s111h7,7.653866386112572,0
s001h8,27.593537414965986,0
s002h8,15.419501133786849,0
s003h8,17.120181405895693,0
s004h8,20.124716553287982,0
s005h8,15.391156462585034,0
s006h8,3.6706349206349205,0
s007h8,22.604875283446713,0
s008h8,10.643424036281179,0
s009h8,8.531746031746032,0
s010h8,13.435374149659864,0
s011h8,24.37641723356009,0
s012h8,16.085600907029477,0
s013h8,16.46825396825397,0
s014h8,17.772108843537413,0
s015h8,14.951814058956916,0
s016h8,19.756235827664398,0
s017h8,27.310090702947846,0
s018h8,20.89002267573696,0
s019h8,18.239795918367346,0
s020h8,14.427437641723357,0
s021h8,11.77721088435374,0
s022h8,18.339002267573697,0
s023h8,7.877432930036822,0
s024h8,23.61111111111111,0
s025h8,19.614512471655328,0
s026h8,15.426091530773277,0
s027h8,5.513038548752834,0
s028h8,17.403628117913833,0
s029h8,21.3718820861678,0
s030h8,10.997732426303855,0
s031h8,14.370748299319727,0
s032h8,22.56235827664399,0
s033h8,14.540816326530612,0
s034h8,28.075396825396826,0
s035h8,17.800453514739228,0
s036h8,7.497165532879818,0
s037h8,13.236961451247165,0
s038h8,25.595238095238095,0
s039h8,22.930839002267575,0
s040h8,17.956349206349206,0
s041h8,17.871315192743765,0
s042h8,16.25566893424036,0
s043h8,24.09297052154195,0
s044h8,15.348639455782314,0
s045h8,18.140589569160998,0
s046h8,18.83503401360544,0
s047h8,27.593537414965986,0
s048h8,21.24433106575964,0
s049h8,21.116780045351472,0
s050h8,24.37641723356009,0
s051h8,15.071015255128879,0
s052h8,18.85849552866912,0
s053h8,11.020515518148343,0
s054h8,16.675433982114676,0
s055h8,9.67911625460284,0
s056h8,9.968437664387165,0
s057h8,15.781167806417676,0
s058h8,16.5176223040505,0
s059h8,12.927406628090479,0
s060h8,24.395055234087323,0
s061h8,17.201472908995267,0
s062h8,19.292477643345606,0
s063h8,13.387690689110995,0
s064h8,21.50184113624408,0
s065h8,19.542346133613886,0
s066h8,26.538663861125723,0
s067h8,26.44660704892162,0
s068h8,43.29300368227249,0
s069h8,17.609153077327722,0
s070h8,13.59810625986323,0
s071h8,13.34823776959495,0
s072h8,15.833771699105734,0
s073h8,12.598632298790111,0
s074h8,11.138874276696475,0
s075h8,16.530773277222515,0
s076h8,16.070489216202,0
s077h8,18.805891635981062,0
s078h8,21.98842714360863,0
s079h8,13.874276696475539,0
s080h8,24.723829563387692,0
s081h8,7.364544976328248,0
s082h8,11.862177801157285,0
s083h8,22.790636507101524,0
s084h8,19.555497106785904,0
s085h8,11.441346659652813,0
s086h8,15.689110994213571,0
s087h8,18.227248816412416,0
s088h8,9.337190952130458,0
s089h8,10.113098369279326,0
s090h8,17.49079431877959,0
s091h8,14.29510783798001,0
s092h8,14.873750657548658,0
s093h8,22.908995265649658,0
s094h8,19.423987375065757,0
s095h8,25.07890583903209,0
s096h8,22.567069963177275,0
s097h8,11.664913203577065,0
s098h8,21.462388216728037,0
s099h8,13.953182535507628,0
s100h8,13.584955286691216,0
s101h8,17.573696145124718,0
s102h8,18.438208616780045,0
s103h8,8.645124716553289,0
s104h8,22.675736961451246,0
s105h8,11.181972789115646,0
s106h8,18.424036281179138,0
s107h8,20.096371882086167,0
s108h8,13.633786848072562,0
s109h8,18.438208616780045,0
s110h8,18.679138321995463,0
s111h8,13.874276696475539,0
s001h9,34.580498866213155,0
s002h9,19.827097505668934,0
s003h9,25.538548752834465,0
s004h9,17.814625850340136,0
s005h9,17.049319727891156,0
s006h9,17.772108843537413,0
s007h9,27.19671201814059,0
s008h9,15.164399092970521,0
s009h9,11.281179138321995,0
s010h9,19.45861678004535,0
s011h9,17.871315192743765,0
s012h9,11.678004535147393,0
s013h9,17.743764172335602,0
s014h9,18.537414965986393,0
s015h9,16.822562358276645,0
s016h9,22.50566893424036,0
s017h9,14.810090702947846,0
s018h9,18.154761904761905,0
s019h9,21.51360544217687,0
s020h9,15.433673469387756,0
s021h9,11.663832199546485,0
s022h9,13.69047619047619,0
s023h9,11.415044713308784,0
s024h9,25.14172335600907,0
s025h9,21.258503401360546,0
s026h9,14.663335086796423,0
s027h9,5.328798185941043,0
s028h9,16.26984126984127,0
s029h9,21.357709750566894,0
s030h9,11.763038548752835,0
s031h9,19.968820861678005,0
s032h9,9.665532879818594,0
s033h9,16.425736961451246,0
s034h9,24.971655328798185,0
s035h9,20.33730158730159,0
s036h9,8.772675736961451,0
s037h9,14.016439909297052,0
s038h9,29.365079365079364,0
s039h9,17.091836734693878,0
s040h9,13.052721088435375,0
s041h9,13.917233560090702,0
s042h9,16.638321995464853,0
s043h9,23.540249433106577,0
s044h9,15.150226757369614,0
s045h9,14.866780045351474,0
s046h9,15.164399092970521,0
s047h9,34.580498866213155,0
s048h9,22.746598639455783,0
s049h9,16.41156462585034,0
s050h9,17.871315192743765,0
s051h9,13.690163072067334,0
s052h9,17.51709626512362,0
s053h9,11.507101525512889,0
s054h9,19.80536559705418,0
s055h9,10.060494476591268,0
s056h9,10.652288269331931,0
s057h9,18.88479747501315,0
s058h9,18.266701735928457,0
s059h9,9.560757496054707,0
s060h9,20.3577064702788,0
s061h9,17.12256706996318,0
s062h9,17.99053129931615,0
s063h9,14.426617569700158,0
s064h9,10.67859021567596,0
s065h9,25.854813256180957,0
s066h9,23.592845870594424,0
s067h9,30.602314571278274,0
s068h9,45.16044187269858,0
s069h9,16.478169384534457,0
s070h9,14.216201998947922,0
s071h9,13.1246712256707,0
s072h9,18.5691741188848,0
s073h9,11.783271962125196,0
s074h9,11.322987901104682,0
s075h9,11.37559179379274,0
s076h9,15.820620725933718,0
s077h9,24.907943187795897,0
s078h9,19.871120462914256,0
s079h9,12.664387164650185,0
s080h9,17.477643345607575,0
s081h9,7.1146764860599685,0
s082h9,10.362966859547607,0
s083h9,27.66964755391899,0
s084h9,17.714360862703842,0
s085h9,11.586007364544976,0
s086h9,14.597580220936349,0
s087h9,17.135718043135192,0
s088h9,9.639663335086796,0
s089h9,8.140452393477117,0
s090h9,19.43713834823777,0
s091h9,14.715938979484482,0
s092h9,17.4118884797475,0
s093h9,22.251446607048923,0
s094h9,21.1599158337717,0
s095h9,20.910047343503418,0
s096h9,18.293003682272488,0
s097h9,10.757496054708048,0
s098h9,14.663335086796423,0
s099h9,17.58285113098369,0
s100h9,15.215675960021041,0
s101h9,17.871315192743765,0
s102h9,19.061791383219955,0
s103h9,6.363378684807256,0
s104h9,14.512471655328799,0
s105h9,12.78344671201814,0
s106h9,17.814625850340136,0
s107h9,17.715419501133788,0
s108h9,15.88718820861678,0
s109h9,23.32766439909297,0
s110h9,19.926303854875282,0
s111h9,12.664387164650185,0
s001h10,45.195578231292515,0
s002h10,22.22222222222222,0
s003h10,33.942743764172334,0
s004h10,31.377551020408163,0
s005h10,27.52267573696145,0
s006h10,20.719954648526077,0
s007h10,21.31519274376417,0
s008h10,19.132653061224488,0
s009h10,8.574263038548754,0
s010h10,24.985827664399093,0
s011h10,11.408730158730158,0
s012h10,14.214852607709751,0
s013h10,22.321428571428573,0
s014h10,19.302721088435373,0
s015h10,26.58730158730159,0
s016h10,44.7562358276644,0
s017h10,14.07312925170068,0
s018h10,25.070861678004537,0
s019h10,28.996598639455783,0
s020h10,18.452380952380953,0
s021h10,19.302721088435373,0
s022h10,23.299319727891156,0
s023h10,15.215675960021041,0
s024h10,19.189342403628117,0
s025h10,22.548185941043084,0
s026h10,19.055760126249343,0
s027h10,7.68140589569161,0
s028h10,24.37641723356009,0
s029h10,29.67687074829932,0
s030h10,19.99716553287982,0
s031h10,19.841269841269842,0
s032h10,20.238095238095237,0
s033h10,24.09297052154195,0
s034h10,37.641723356009074,0
s035h10,24.163832199546484,0
s036h10,12.613378684807257,0
s037h10,13.02437641723356,0
s038h10,35.61507936507937,0
s039h10,19.642857142857142,0
s040h10,15.334467120181406,0
s041h10,25.212585034013607,0
s042h10,25.311791383219955,0
s043h10,23.66780045351474,0
s044h10,22.94501133786848,0
s045h10,13.818027210884354,0
s046h10,26.686507936507937,0
s047h10,45.195578231292515,0
s048h10,27.52267573696145,0
s049h10,21.697845804988663,0
s050h10,11.408730158730158,0
s051h10,17.29352972119937,0
s052h10,37.611783271962125,0
s053h10,11.888479747501314,0
s054h10,20.739084692267227,0
s055h10,11.796422935297212,0
s056h10,10.862703840084166,0
s057h10,17.004208311415045,0
s058h10,23.172014729089952,0
s059h10,12.756443976854287,0
s060h10,23.869016307206735,0
s061h10,18.293003682272488,0
s062h10,25.894266175697002,0
s063h10,16.228300894266177,0
s064h10,18.293003682272488,0
s065h10,25.197264597580222,0
s066h10,31.496580746975276,0
s067h10,32.140978432404,0
s068h10,52.16991057338243,0
s069h10,22.60652288269332,0
s070h10,18.2140978432404,0
s071h10,13.62440820620726,0
s072h10,15.281430825881115,0
s073h10,16.399263545502368,0
s074h10,12.204103103629668,0
s075h10,17.819568648079958,0
s076h10,20.278800631246714,0
s077h10,17.04366123093109,0
s078h10,17.280378748027353,0
s079h10,18.68753287743293,0
s080h10,26.735928458705946,0
s081h10,9.166228300894266,0
s082h10,15.597054182009469,0
s083h10,34.495002630194634,0
s084h10,19.26617569700158,0
s085h10,11.362440820620726,0
s086h10,15.281430825881115,0
s087h10,25.236717517096267,0
s088h10,10.007890583903208,0
s089h10,9.889531825355077,0
s090h10,20.83114150447133,0
s091h10,14.492372435560231,0
s092h10,17.332982640715414,0
s093h10,24.118884797475012,0
s094h10,21.291425565491846,0
s095h10,20.910047343503418,0
s096h10,22.001578116780642,0
s097h10,12.37506575486586,0
s098h10,21.672803787480273,0
s099h10,15.504997369805366,0
s100h10,18.753287743293004,0
s101h10,19.727891156462587,0
s102h10,23.086734693877553,0
s103h10,6.9727891156462585,0
s104h10,25.90702947845805,0
s105h10,17.64455782312925,0
s106h10,20.833333333333332,0
s107h10,19.756235827664398,0
s108h10,15.816326530612244,0
s109h10,33.049886621315196,0
s110h10,22.42063492063492,0
s111h10,18.68753287743293,0
s001h11,55.938208616780045,0
s002h11,27.76360544217687,0
s003h11,46.499433106575964,0
s004h11,42.871315192743765,0
s005h11,41.75170068027211,0
s006h11,29.761904761904763,0
s007h11,28.96825396825397,0
s008h11,31.39172335600907,0
s009h11,13.88888888888889,0
s010h11,36.0969387755102,0
s011h11,49.03628117913832,0
s012h11,22.208049886621314,0
s013h11,33.29081632653061,0
s014h11,25.581065759637188,0
s015h11,35.26077097505669,0
s016h11,42.40362811791383,0
s017h11,32.993197278911566,0
s018h11,41.26984126984127,0
s019h11,47.26473922902494,0
s020h11,26.67233560090703,0
s021h11,26.6156462585034,0
s022h11,29.66269841269841,0
s023h11,20.620725933719097,0
s024h11,41.25566893424036,0
s025h11,28.316326530612244,0
s026h11,24.658074697527617,0
s027h11,9.282879818594104,0
s028h11,27.96201814058957,0
s029h11,48.497732426303855,0
s030h11,30.555555555555557,0
s031h11,27.083333333333332,0
s032h11,15.065192743764172,0
s033h11,37.641723356009074,0
s034h11,61.0969387755102,0
s035h11,31.717687074829932,0
s036h11,14.45578231292517,0
s037h11,18.367346938775512,0
s038h11,29.77607709750567,0
s039h11,28.89739229024943,0
s040h11,29.77607709750567,0
s041h11,26.58730158730159,0
s042h11,34.92063492063492,0
s043h11,25.042517006802722,0
s044h11,26.799886621315192,0
s045h11,25.68027210884354,0
s046h11,23.66780045351474,0
s047h11,55.938208616780045,0
s048h11,37.074829931972786,0
s049h11,28.784013605442176,0
s050h11,49.03628117913832,0
s051h11,23.421883219358232,0
s052h11,60.46817464492372,0
s053h11,13.400841662283009,0
s054h11,25.157811678064178,0
s055h11,16.26775381378222,0
s056h11,18.49026827985271,0
s057h11,27.774855339295108,0
s058h11,32.298790110468175,0
s059h11,19.253024723829565,0
s060h11,30.760126249342452,0
s061h11,11.70436612309311,0
s062h11,35.38926880589164,0
s063h11,24.35560231457128,0
s064h11,30.181483429773802,0
s065h11,33.2982640715413,0
s066h11,42.477643345607575,0
s067h11,36.441346659652815,0
s068h11,63.637559179379274,0
s069h11,24.039978958442926,0
s070h11,22.264597580220936,0
s071h11,15.452393477117306,0
s072h11,21.778011572856393,0
s073h11,27.630194634402947,0
s074h11,23.461336138874277,0
s075h11,25.289321409784325,0
s076h11,23.05365597054182,0
s077h11,20.83114150447133,0
s078h11,28.327196212519727,0
s079h11,24.44765912677538,0
s080h11,41.241451867438194,0
s081h11,14.610731194108364,0
s082h11,17.4118884797475,0
s083h11,52.55128879537086,0
s084h11,22.251446607048923,0
s085h11,18.990005260389268,0
s086h11,19.60810099947396,0
s087h11,37.91425565491846,0
s088h11,13.045765386638612,0
s089h11,12.638085218306154,0
s090h11,34.03471856917412,0
s091h11,12.15149921094161,0
s092h11,27.117306680694373,0
s093h11,23.32982640715413,0
s094h11,25.341925302472383,0
s095h11,29.16885849552867,0
s096h11,35.11309836927933,0
s097h11,15.04471330878485,0
s098h11,28.511309836927932,0
s099h11,26.394003156233563,0
s100h11,22.895844292477644,0
s101h11,26.006235827664398,0
s102h11,34.82142857142857,0
s103h11,11.791383219954648,0
s104h11,42.474489795918366,0
s105h11,21.442743764172334,0
s106h11,29.280045351473923,0
s107h11,26.020408163265305,0
s108h11,25.28344671201814,0
s109h11,49.064625850340136,0
s110h11,29.124149659863946,0
s111h11,24.44765912677538,0
s001h12,52.48015873015873,0
s002h12,33.17743764172336,0
s003h12,40.816326530612244,0
s004h12,35.35997732426304,0
s005h12,50.17006802721088,0
s006h12,36.13945578231292,0
s007h12,35.317460317460316,0
s008h12,41.850907029478456,0
s009h12,6.448412698412699,0
s010h12,34.77891156462585,0
s011h12,43.154761904761905,0
s012h12,19.529478458049887,0
s013h12,38.61961451247166,0
s014h12,29.336734693877553,0
s015h12,27.692743764172334,0
s016h12,25.836167800453516,0
s017h12,18.849206349206348,0
s018h12,32.993197278911566,0
s019h12,36.06859410430839,0
s020h12,25.552721088435373,0
s021h12,28.52891156462585,0
s022h12,23.767006802721088,0
s023h12,17.99053129931615,0
s024h12,40.33446712018141,0
s025h12,32.468820861678005,0
s026h12,33.06154655444503,0
s027h12,11.153628117913833,0
s028h12,24.688208616780045,0
s029h12,23.299319727891156,0
s030h12,23.100907029478456,0
s031h12,26.913265306122447,0
s032h12,30.187074829931973,0
s033h12,31.717687074829932,0
s034h12,61.43707482993197,0
s035h12,28.798185941043084,0
s036h12,21.95294784580499,0
s037h12,6.505102040816326,0
s038h12,38.59126984126984,0
s039h12,24.815759637188208,0
s040h12,26.799886621315192,0
s041h12,40.136054421768705,0
s042h12,31.4484126984127,0
s043h12,32.242063492063494,0
s044h12,28.018707482993197,0
s045h12,26.700680272108844,0
s046h12,25.08503401360544,0
s047h12,52.48015873015873,0
s048h12,45.11054421768708,0
s049h12,34.750566893424036,0
s050h12,43.154761904761905,0
s051h12,31.154655444502893,0
s052h12,53.300894266175696,0
s053h12,17.74066280904787,0
s054h12,26.97264597580221,0
s055h12,15.163072067332983,0
s056h12,21.1599158337717,0
s057h12,30.128879537085744,0
s058h12,36.32298790110468,0
s059h12,16.76749079431878,0
s060h12,28.353498158863754,0
s061h12,29.39242503945292,0
s062h12,29.300368227248818,0
s063h12,23.237769594950027,0
s064h12,6.864807995791689,0
s065h12,45.69963177275118,0
s066h12,46.1599158337717,0
s067h12,37.3224618621778,0
s068h12,64.61073119410837,0
s069h12,32.64071541294056,0
s070h12,29.22146238821673,0
s071h12,14.110994213571804,0
s072h12,22.93529721199369,0
s073h12,29.984218832193584,0
s074h12,25.4471330878485,0
s075h12,28.3929510783798,0
s076h12,25.8022093634929,0
s077h12,23.645449763282482,0
s078h12,31.483429773803262,0
s079h12,25.55234087322462,0
s080h12,39.715938979484484,0
s081h12,17.58285113098369,0
s082h12,16.71488690163072,0
s083h12,52.44608100999474,0
s084h12,23.80326144134666,0
s085h12,27.36717517096265,0
s086h12,25.631246712256708,0
s087h12,25.97317201472909,0
s088h12,7.78537611783272,0
s089h12,7.5355076275644395,0
s090h12,27.814308258811153,0
s091h12,20.7127827459232,0
s092h12,33.745397159389796,0
s093h12,40.583903208837455,0
s094h12,33.022093634928986,0
s095h12,32.12782745923198,0
s096h12,32.298790110468175,0
s097h12,16.754339821146765,0
s098h12,39.53182535507628,0
s099h12,26.472908995265648,0
s100h12,20.094687006838505,0
s101h12,15.88718820861678,0
s102h12,38.9030612244898,0
s103h12,7.3270975056689345,0
s104h12,41.156462585034014,0
s105h12,28.75566893424036,0
s106h12,31.67517006802721,0
s107h12,27.650226757369616,0
s108h12,21.301020408163264,0
s109h12,43.11224489795919,0
s110h12,46.71201814058957,0
s111h12,25.55234087322462,0
s001h13,25.538548752834465,0
s002h13,17.205215419501133,0
s003h13,18.5515873015873,0
s004h13,16.17063492063492,0
s005h13,32.38378684807256,0
s006h13,4.875283446712018,0
s007h13,15.433673469387756,0
s008h13,14.98015873015873,0
s009h13,4.280045351473923,0
s010h13,19.869614512471657,0
s011h13,13.236961451247165,0
s012h13,10.459183673469388,0
s013h13,14.526643990929704,0
s014h13,11.408730158730158,0
s015h13,10.785147392290249,0
s016h13,11.238662131519275,0
s017h13,0.21258503401360543,0
s018h13,12.046485260770975,0
s019h13,17.672902494331066,0
s020h13,11.763038548752835,0
s021h13,15.943877551020408,0
s022h13,12.429138321995465,0
s023h13,3.261441346659653,0
s024h13,14.781746031746032,0
s025h13,16.539115646258505,0
s026h13,13.755917937927407,0
s027h13,6.122448979591836,0
s028h13,9.623015873015873,0
s029h13,19.94047619047619,0
s030h13,6.5476190476190474,0
s031h13,12.386621315192743,0
s032h13,10.799319727891156,0
s033h13,14.243197278911564,0
s034h13,30.158730158730158,0
s035h13,6.9727891156462585,0
s036h13,3.2879818594104306,0
s037h13,3.2879818594104306,0
s038h13,18.523242630385486,0
s039h13,10.076530612244898,0
s040h13,15.334467120181406,0
s041h13,20.535714285714285,0
s042h13,16.22732426303855,0
s043h13,12.769274376417233,0
s044h13,7.128684807256236,0
s045h13,10.16156462585034,0
s046h13,12.84013605442177,0
s047h13,25.538548752834465,0
s048h13,14.866780045351474,0
s049h13,17.545351473922903,0
s050h13,13.236961451247165,0
s051h13,21.462388216728037,0
s052h13,14.57127827459232,0
s053h13,6.706996317727512,0
s054h13,13.519200420831142,0
s055h13,8.390320883745398,0
s056h13,3.9584429247764334,0
s057h13,11.23093108890058,0
s058h13,13.164124145186744,0
s059h13,0.0,0
s060h13,18.556023145712782,0
s061h13,13.282482903734877,0
s062h13,13.506049447659127,0
s063h13,6.56233561283535,0
s064h13,3.1693845344555496,0
s065h13,19.98947922146239,0
s066h13,18.056286165176225,0
s067h13,20.725933719095213,0
s068h13,41.64913203577065,0
s069h13,6.470278800631247,0
s070h13,10.639137296159916,0
s071h13,9.626512361914783,0
s072h13,12.190952130457655,0
s073h13,8.074697527617044,0
s074h13,12.217254076801684,0
s075h13,8.298264071541293,0
s076h13,9.42924776433456,0
s077h13,12.414518674381904,0
s078h13,17.346133613887428,0
s079h13,10.520778537611783,0
s080h13,19.1083640189374,0
s081h13,5.523408732246186,0
s082h13,6.378221988427144,0
s083h13,24.434508153603367,0
s084h13,13.76906891109942,0
s085h13,5.694371383482378,0
s086h13,4.971067859021567,0
s087h13,12.269857969489742,0
s088h13,2.7354024197790636,0
s089h13,4.708048395581273,0
s090h13,10.192004208311415,0
s091h13,8.20620725933719,0
s092h13,9.547606522882694,0
s093h13,28.41925302472383,0
s094h13,13.190426091530773,0
s095h13,23.172014729089952,0
s096h13,14.873750657548658,0
s097h13,6.246712256706997,0
s098h13,15.649658074697527,0
s099h13,15.84692267227775,0
s100h13,10.547080483955813,0
s101h13,17.729591836734695,0
s102h13,6.505102040816326,0
s103h13,6.221655328798186,0
s104h13,12.585034013605442,0
s105h13,16.539115646258505,0
s106h13,8.432539682539682,0
s107h13,5.853174603174603,0
s108h13,10.119047619047619,0
s109h13,23.639455782312925,0
s110h13,33.092403628117914,0
s111h13,10.520778537611783,0
s001h14,19.246031746031747,0
s002h14,14.951814058956916,0
s003h14,11.422902494331066,0
s004h14,11.479591836734693,0
s005h14,21.726190476190474,0
s006h14,19.74206349206349,0
s007h14,21.71201814058957,0
s008h14,14.285714285714286,0
s009h14,7.497165532879818,0
s010h14,14.243197278911564,0
s011h14,10.770975056689343,0
s012h14,14.923469387755102,0
s013h14,15.943877551020408,0
s014h14,15.915532879818594,0
s015h14,12.25907029478458,0
s016h14,19.41609977324263,0
s017h14,12.060657596371883,0
s018h14,15.802154195011338,0
s019h14,17.106009070294785,0
s020h14,16.69501133786848,0
s021h14,12.032312925170068,0
s022h14,18.494897959183675,0
s023h14,7.5355076275644395,0
s024h14,23.75283446712018,0
s025h14,17.02097505668934,0
s026h14,19.082062072593374,0
s027h14,6.958616780045351,0
s028h14,14.03061224489796,0
s029h14,17.41780045351474,0
s030h14,9.878117913832199,0
s031h14,11.748866213151928,0
s032h14,13.676303854875284,0
s033h14,23.1859410430839,0
s034h14,28.91156462585034,0
s035h14,16.65249433106576,0
s036h14,7.851473922902494,0
s037h14,11.224489795918368,0
s038h14,19.359410430839002,0
s039h14,13.619614512471655,0
s040h14,18.112244897959183,0
s041h14,14.640022675736962,0
s042h14,16.709183673469386,0
s043h14,16.45408163265306,0
s044h14,14.002267573696145,0
s045h14,12.273242630385488,0
s046h14,17.1343537414966,0
s047h14,19.246031746031747,0
s048h14,12.188208616780045,0
s049h14,17.78628117913832,0
s050h14,10.770975056689343,0
s051h14,4.2346133613887424,0
s052h14,18.897948448185165,0
s053h14,8.048395581273015,0
s054h14,17.701209889531825,0
s055h14,1.841136244082062,0
s056h14,8.56128353498159,0
s057h14,19.818516570226198,0
s058h14,11.559705418200947,0
s059h14,2.183061546554445,0
s060h14,15.031562335612835,0
s061h14,11.90163072067333,0
s062h14,16.596528143082587,0
s063h14,11.37559179379274,0
s064h14,11.086270384008417,0
s065h14,17.227774855339295,0
s066h14,19.13466596528143,0
s067h14,24.77643345607575,0
s068h14,42.58285113098369,0
s069h14,15.307732772225144,0
s070h14,13.834823776959494,0
s071h14,9.20568122041031,0
s072h14,8.50867964229353,0
s073h14,11.599158337716991,0
s074h14,10.376117832719622,0
s075h14,13.650710152551289,0
s076h14,12.09889531825355,0
s077h14,13.492898474487111,0
s078h14,16.977906365071014,0
s079h14,12.87480273540242,0
s080h14,15.781167806417676,0
s081h14,7.1935823250920565,0
s082h14,8.916359810625986,0
s083h14,19.673855865334033,0
s084h14,16.79379274066281,0
s085h14,9.942135718043135,0
s086h14,12.559179379274067,0
s087h14,13.085218306154655,0
s088h14,9.192530247238295,0
s089h14,4.734350341925302,0
s090h14,13.361388742766964,0
s091h14,15.136770120988952,0
s092h14,16.977906365071014,0
s093h14,22.58022093634929,0
s094h14,19.529195160441873,0
s095h14,25.77590741714887,0
s096h14,19.16096791162546,0
s097h14,15.399789584429248,0
s098h14,17.872172540768016,0
s099h14,14.084692267227775,0
s100h14,12.743293003682272,0
s101h14,17.64455782312925,0
s102h14,18.594104308390023,0
s103h14,9.537981859410431,0
s104h14,21.301020408163264,0
s105h14,12.670068027210885,0
s106h14,17.247732426303855,0
s107h14,15.589569160997732,0
s108h14,12.939342403628117,0
s109h14,21.47108843537415,0
s110h14,32.22789115646258,0
s111h14,12.87480273540242,0
s001h15,23.993764172335602,0
s002h15,18.32482993197279,0
s003h15,15.674603174603174,0
s004h15,15.036848072562359,0
s005h15,14.101473922902494,0
s006h15,22.29308390022676,0
s007h15,18.877551020408163,0
s008h15,10.40249433106576,0
s009h15,8.616780045351474,0
s010h15,19.118480725623584,0
s011h15,16.60997732426304,0
s012h15,10.941043083900226,0
s013h15,19.387755102040817,0
s014h15,15.589569160997732,0
s015h15,9.750566893424036,0
s016h15,15.136054421768707,0
s017h15,20.521541950113377,0
s018h15,15.419501133786849,0
s019h15,17.78628117913832,0
s020h15,13.803854875283447,0
s021h15,14.965986394557824,0
s022h15,17.98469387755102,0
s023h15,7.78537611783272,0
s024h15,18.594104308390023,0
s025h15,15.376984126984127,0
s026h15,16.01788532351394,0
s027h15,6.887755102040816,0
s028h15,12.939342403628117,0
s029h15,18.594104308390023,0
s030h15,11.337868480725623,0
s031h15,11.196145124716553,0
s032h15,14.41326530612245,0
s033h15,16.099773242630384,0
s034h15,26.459750566893423,0
s035h15,10.204081632653061,0
s036h15,6.675170068027211,0
s037h15,11.706349206349206,0
s038h15,23.058390022675738,0
s039h15,13.534580498866212,0
s040h15,14.611678004535147,0
s041h15,16.26984126984127,0
s042h15,13.038548752834467,0
s043h15,20.62074829931973,0
s044h15,14.753401360544217,0
s045h15,10.941043083900226,0
s046h15,15.830498866213151,0
s047h15,23.993764172335602,0
s048h15,21.598639455782312,0
s049h15,10.72845804988662,0
s050h15,16.60997732426304,0
s051h15,11.204629142556549,0
s052h15,20.30510257759074,0
s053h15,11.599158337716991,0
s054h15,15.597054182009469,0
s055h15,8.456075749605471,0
s056h15,9.23198316675434,0
s057h15,21.02840610205155,0
s058h15,10.915307732772225,0
s059h15,10.731194108364019,0
s060h15,13.019463440294581,0
s061h15,10.875854813256181,0
s062h15,14.939505523408732,0
s063h15,11.17832719621252,0
s064h15,11.270384008416622,0
s065h15,18.056286165176225,0
s066h15,21.90952130457654,0
s067h15,25.539189900052605,0
s068h15,45.98895318253551,0
s069h15,15.557601262493424,0
s070h15,12.664387164650185,0
s071h15,10.70489216201999,0
s072h15,10.284061020515518,0
s073h15,9.15307732772225,0
s074h15,12.559179379274067,0
s075h15,15.636507101525513,0
s076h15,13.1246712256707,0
s077h15,14.807995791688585,0
s078h15,14.176749079431877,0
s079h15,9.061020515518148,0
s080h15,9.42924776433456,0
s081h15,8.429773803261442,0
s082h15,10.718043135192005,0
s083h15,20.541820094687008,0
s084h15,13.427143608627038,0
s085h15,12.322461862177802,0
s086h15,12.388216728037875,0
s087h15,13.84797475013151,0
s088h15,8.745397159389794,0
s089h15,5.063124671225671,0
s090h15,14.466070489216202,0
s091h15,12.15149921094161,0
s092h15,13.966333508679643,0
s093h15,19.253024723829565,0
s094h15,20.52866912151499,0
s095h15,17.29352972119937,0
s096h15,17.648605996843767,0
s097h15,15.728563913729616,0
s098h15,16.478169384534457,0
s099h15,13.164124145186744,0
s100h15,10.126249342451342,0
s101h15,15.164399092970521,0
s102h15,14.668367346938776,0
s103h15,8.276643990929704,0
s104h15,23.540249433106577,0
s105h15,13.378684807256235,0
s106h15,13.54875283446712,0
s107h15,13.775510204081632,0
s108h15,13.832199546485262,0
s109h15,15.759637188208616,0
s110h15,30.810657596371883,0
s111h15,9.061020515518148,0
s001h16,36.53628117913832,0
s002h16,19.586167800453516,0
s003h16,22.71825396825397,0
s004h16,24.17800453514739,0
s005h16,17.772108843537413,0
s006h16,14.781746031746032,0
s007h16,20.32312925170068,0
s008h16,18.381519274376416,0
s009h16,7.440476190476191,0
s010h16,21.03174603174603,0
s011h16,21.541950113378686,0
s012h16,11.73469387755102,0
s013h16,17.517006802721088,0
s014h16,17.247732426303855,0
s015h16,20.819160997732425,0
s016h16,22.71825396825397,0
s017h16,20.46485260770975,0
s018h16,23.086734693877553,0
s019h16,22.009637188208618,0
s020h16,17.885487528344672,0
s021h16,16.198979591836736,0
s022h16,17.290249433106577,0
s023h16,11.546554445028931,0
s024h16,21.924603174603174,0
s025h16,16.26984126984127,0
s026h16,19.88427143608627,0
s027h16,6.816893424036281,0
s028h16,13.421201814058957,0
s029h16,21.81122448979592,0
s030h16,11.507936507936508,0
s031h16,20.03968253968254,0
s032h16,17.573696145124718,0
s033h16,16.383219954648528,0
s034h16,21.357709750566894,0
s035h16,18.877551020408163,0
s036h16,8.574263038548754,0
s037h16,10.615079365079366,0
s038h16,26.95578231292517,0
s039h16,17.049319727891156,0
s040h16,14.994331065759637,0
s041h16,16.18480725623583,0
s042h16,17.332766439909296,0
s043h16,21.060090702947846,0
s044h16,20.691609977324262,0
s045h16,13.3078231292517,0
s046h16,14.611678004535147,0
s047h16,36.53628117913832,0
s048h16,20.833333333333332,0
s049h16,11.933106575963718,0
s050h16,21.541950113378686,0
s051h16,13.361388742766964,0
s052h16,19.371383482377695,0
s053h16,12.059442398737506,0
s054h16,23.32982640715413,0
s055h16,6.7727511835875855,0
s056h16,10.994213571804314,0
s057h16,20.094687006838505,0
s058h16,14.09784324039979,0
s059h16,11.467648605996844,0
s060h16,16.530773277222515,0
s061h16,14.663335086796423,0
s062h16,18.477117306680693,0
s063h16,13.637559179379274,0
s064h16,13.019463440294581,0
s065h16,22.55391899000526,0
s066h16,25.57864281956865,0
s067h16,25.512887953708574,0
s068h16,42.556549184639664,0
s069h16,17.530247238295633,0
s070h16,14.150447133087848,0
s071h16,9.90268279852709,0
s072h16,14.834297738032614,0
s073h16,12.256706996317728,0
s074h16,12.34876380852183,0
s075h16,11.112572330352446,0
s076h16,16.26775381378222,0
s077h16,19.594950026301948,0
s078h16,17.727511835875855,0
s079h16,15.031562335612835,0
s080h16,20.515518148342977,0
s081h16,5.83903208837454,0
s082h16,14.189900052603893,0
s083h16,23.369279326670174,0
s084h16,15.544450289321409,0
s085h16,12.006838506049448,0
s086h16,13.913729615991583,0
s087h16,15.163072067332983,0
s088h16,9.402945817990531,0
s089h16,4.944765912677538,0
s090h16,19.58179905312993,0
s091h16,12.887953708574434,0
s092h16,15.754865860073645,0
s093h16,23.02735402419779,0
s094h16,18.700683850604946,0
s095h16,18.18779589689637,0
s096h16,21.620199894792215,0
s097h16,15.76801683324566,0
s098h16,22.816938453445555,0
s099h16,17.332982640715414,0
s100h16,14.479221462388217,0
s101h16,17.106009070294785,0
s102h16,11.181972789115646,0
s103h16,10.671768707482993,0
s104h16,17.715419501133788,0
s105h16,13.16609977324263,0
s106h16,18.140589569160998,0
s107h16,17.148526077097507,0
s108h16,14.540816326530612,0
s109h16,28.698979591836736,0
s110h16,30.243764172335602,0
s111h16,15.031562335612835,0
s001h17,58.886054421768705,0
s002h17,28.698979591836736,0
s003h17,50.0,0
s004h17,33.715986394557824,0
s005h17,34.452947845804985,0
s006h17,22.208049886621314,0
s007h17,28.273809523809526,0
s008h17,27.182539682539684,0
s009h17,12.287414965986395,0
s010h17,34.863945578231295,0
s011h17,36.02607709750567,0
s012h17,23.171768707482993,0
s013h17,33.70181405895691,0
s014h17,33.10657596371882,0
s015h17,39.66836734693877,0
s016h17,50.58106575963719,0
s017h17,31.95861678004535,0
s018h17,37.28741496598639,0
s019h17,49.64569160997733,0
s020h17,24.362244897959183,0
s021h17,26.899092970521544,0
s022h17,21.541950113378686,0
s023h17,17.04366123093109,0
s024h17,35.30328798185941,0
s025h17,32.85147392290249,0
s026h17,26.19673855865334,0
s027h17,11.97562358276644,0
s028h17,29.124149659863946,0
s029h17,25.609410430839002,0
s030h17,33.53174603174603,0
s031h17,26.544784580498867,0
s032h17,28.514739229024944,0
s033h17,43.99092970521542,0
s034h17,33.64512471655329,0
s035h17,36.607142857142854,0
s036h17,14.781746031746032,0
s037h17,20.025510204081634,0
s038h17,38.64795918367347,0
s039h17,26.44557823129252,0
s040h17,24.022108843537413,0
s041h17,35.58673469387755,0
s042h17,32.85147392290249,0
s043h17,29.05328798185941,0
s044h17,29.407596371882086,0
s045h17,24.37641723356009,0
s046h17,35.01984126984127,0
s047h17,58.886054421768705,0
s048h17,43.3531746031746,0
s049h17,26.119614512471657,0
s050h17,36.02607709750567,0
s051h17,20.265649658074697,0
s052h17,85.19200420831142,0
s053h17,17.10941609679116,0
s054h17,24.513413992635456,0
s055h17,15.228826933193057,0
s056h17,12.230405049973697,0
s057h17,22.44871120462914,0
s058h17,33.613887427669646,0
s059h17,13.76906891109942,0
s060h17,20.05523408732246,0
s061h17,18.726985796948973,0
s062h17,39.83429773803262,0
s063h17,19.239873750657548,0
s064h17,18.871646501841138,0
s065h17,39.860599684376645,0
s066h17,32.4960547080484,0
s067h17,35.00789058390321,0
s068h17,49.43450815360337,0
s069h17,25.69700157811678,0
s070h17,21.541294055760126,0
s071h17,15.860073645449763,0
s072h17,19.752761704366122,0
s073h17,19.095213045765387,0
s074h17,19.121514992109415,0
s075h17,14.610731194108364,0
s076h17,22.435560231457128,0
s077h17,24.039978958442926,0
s078h17,24.30299842188322,0
s079h17,27.577590741714886,0
s080h17,30.16833245660179,0
s081h17,13.361388742766964,0
s082h17,25.94687006838506,0
s083h17,58.25881115202525,0
s084h17,28.02472382956339,0
s085h17,16.333508679642293,0
s086h17,18.96370331404524,0
s087h17,32.61441346659653,0
s088h17,9.139926354550237,0
s089h17,8.100999473961073,0
s090h17,28.97159389794845,0
s091h17,17.37243556023146,0
s092h17,23.855865334034718,0
s093h17,26.19673855865334,0
s094h17,24.77643345607575,0
s095h17,27.69594950026302,0
s096h17,35.96791162546028,0
s097h17,20.673329826407155,0
s098h17,27.748553392951077,0
s099h17,22.21199368753288,0
s100h17,19.542346133613886,0
s101h17,20.677437641723355,0
s102h17,29.71938775510204,0
s103h17,11.21031746031746,0
s104h17,43.01303854875283,0
s105h17,20.46485260770975,0
s106h17,25.62358276643991,0
s107h17,20.13888888888889,0
s108h17,25.269274376417233,0
s109h17,52.45181405895691,0
s110h17,40.36281179138322,0
s111h17,27.577590741714886,0
s001h18,46.52777777777778,0
s002h18,22.85997732426304,0
s003h18,37.00396825396825,0
s004h18,32.87981859410431,0
s005h18,60.2749433106576,0
s006h18,22.874149659863946,0
s007h18,21.1734693877551,0
s008h18,26.091269841269842,0
s009h18,6.320861678004535,0
s010h18,28.47222222222222,0
s011h18,36.791383219954646,0
s012h18,16.567460317460316,0
s013h18,23.483560090702948,0
s014h18,20.98922902494331,0
s015h18,26.303854875283445,0
s016h18,24.022108843537413,0
s017h18,38.64795918367347,0
s018h18,24.03628117913832,0
s019h18,30.612244897959183,0
s020h18,15.986394557823129,0
s021h18,25.212585034013607,0
s022h18,18.027210884353742,0
s023h18,17.66175697001578,0
s024h18,43.891723356009074,0
s025h18,24.773242630385486,0
s026h18,23.342977380326143,0
s027h18,10.062358276643991,0
s028h18,20.13888888888889,0
s029h18,35.147392290249435,0
s030h18,33.44671201814059,0
s031h18,24.886621315192745,0
s032h18,17.16269841269841,0
s033h18,28.939909297052154,0
s034h18,46.32936507936508,0
s035h18,12.627551020408163,0
s036h18,6.335034013605442,0
s037h18,3.2312925170068025,0
s038h18,33.715986394557824,0
s039h18,26.658163265306122,0
s040h18,18.098072562358276,0
s041h18,23.04421768707483,0
s042h18,23.14342403628118,0
s043h18,28.117913832199548,0
s044h18,25.212585034013607,0
s045h18,23.483560090702948,0
s046h18,13.761337868480725,0
s047h18,46.52777777777778,0
s048h18,41.55328798185941,0
s049h18,25.467687074829932,0
s050h18,36.791383219954646,0
s051h18,29.773803261441348,0
s052h18,53.90583903208837,0
s053h18,15.307732772225144,0
s054h18,19.35823250920568,0
s055h18,14.084692267227775,0
s056h18,28.89268805891636,0
s057h18,18.54287217254077,0
s058h18,27.235665439242503,0
s059h18,20.331404523934772,0
s060h18,16.438716465018413,0
s061h18,26.933193056286164,0
s062h18,26.841136244082062,0
s063h18,18.726985796948973,0
s064h18,5.405049973698054,0
s065h18,47.343503419253025,0
s066h18,39.38716465018411,0
s067h18,26.81483429773803,0
s068h18,49.92109416096791,0
s069h18,20.252498684902683,0
s070h18,17.674907943187797,0
s071h18,10.402419779063651,0
s072h18,19.48974224092583,0
s073h18,27.774855339295108,0
s074h18,21.475539189900054,0
s075h18,16.728037874802734,0
s076h18,15.426091530773277,0
s077h18,19.200420831141503,0
s078h18,24.171488690163073,0
s079h18,22.8563913729616,0
s080h18,42.89847448711205,0
s081h18,6.470278800631247,0
s082h18,17.135718043135192,0
s083h18,43.22724881641241,0
s084h18,14.8211467648606,0
s085h18,9.942135718043135,0
s086h18,13.308784850078906,0
s087h18,24.329300368227248,0
s088h18,4.221462388216728,0
s089h18,4.629142556549184,0
s090h18,28.353498158863754,0
s091h18,17.530247238295633,0
s092h18,21.146764860599685,0
s093h18,28.64281956864808,0
s094h18,15.623356128353498,0
s095h18,22.225144660704892,0
s096h18,23.132561809573907,0
s097h18,17.35928458705944,0
s098h18,24.960547080483956,0
s099h18,21.33087848500789,0
s100h18,18.18779589689637,0
s101h18,15.943877551020408,0
s102h18,23.56859410430839,0
s103h18,12.35827664399093,0
s104h18,29.464285714285715,0
s105h18,21.301020408163264,0
s106h18,21.768707482993197,0
s107h18,5.187074829931973,0
s108h18,21.145124716553287,0
s109h18,26.034580498866212,0
s110h18,45.90419501133787,0
s111h18,22.8563913729616,0
s001h19,40.64625850340136,0
s002h19,27.63605442176871,0
s003h19,27.395124716553287,0
s004h19,26.077097505668934,0
s005h19,32.44047619047619,0
s006h19,27.310090702947846,0
s007h19,29.081632653061224,0
s008h19,27.650226757369616,0
s009h19,4.719387755102041,0
s010h19,30.28628117913832,0
s011h19,25.609410430839002,0
s012h19,22.61904761904762,0
s013h19,26.488095238095237,0
s014h19,29.365079365079364,0
s015h19,27.19671201814059,0
s016h19,31.405895691609977,0
s017h19,41.08560090702948,0
s018h19,28.557256235827666,0
s019h19,33.07823129251701,0
s020h19,24.121315192743765,0
s021h19,19.827097505668934,0
s022h19,23.795351473922903,0
s023h19,15.583903208837453,0
s024h19,49.75907029478458,0
s025h19,21.541950113378686,0
s026h19,29.852709100473437,0
s027h19,15.051020408163266,0
s028h19,18.140589569160998,0
s029h19,29.946145124716555,0
s030h19,32.6672335600907,0
s031h19,26.077097505668934,0
s032h19,22.746598639455783,0
s033h19,26.360544217687075,0
s034h19,42.71541950113379,0
s035h19,23.27097505668934,0
s036h19,17.616213151927436,0
s037h19,4.520975056689342,0
s038h19,32.82312925170068,0
s039h19,28.996598639455783,0
s040h19,22.42063492063492,0
s041h19,26.147959183673468,0
s042h19,21.75453514739229,0
s043h19,28.217120181405896,0
s044h19,21.541950113378686,0
s045h19,27.168367346938776,0
s046h19,28.10374149659864,0
s047h19,40.64625850340136,0
s048h19,32.8656462585034,0
s049h19,24.14965986394558,0
s050h19,25.609410430839002,0
s051h19,24.894792214623884,0
s052h19,64.7290899526565,0
s053h19,14.978958442924776,0
s054h19,22.698579694897422,0
s055h19,14.268805891635981,0
s056h19,30.720673329826408,0
s057h19,20.817990531299316,0
s058h19,31.746449237243556,0
s059h19,17.701209889531825,0
s060h19,17.924776433456074,0
s061h19,24.77643345607575,0
s062h19,24.171488690163073,0
s063h19,20.52866912151499,0
s064h19,6.628090478695423,0
s065h19,39.650184113624405,0
s066h19,32.45660178853235,0
s067h19,26.078379800105207,0
s068h19,39.3740136770121,0
s069h19,29.44502893214098,0
s070h19,22.882693319305627,0
s071h19,10.455023671751709,0
s072h19,16.64913203577065,0
s073h19,24.97369805365597,0
s074h19,21.88321935823251,0
s075h19,27.761704366123094,0
s076h19,22.619673855865333,0
s077h19,17.18832193582325,0
s078h19,20.93634928984745,0
s079h19,17.51709626512362,0
s080h19,28.616517622304052,0
s081h19,11.244082062072593,0
s082h19,15.649658074697527,0
s083h19,38.29563387690689,0
s084h19,32.12782745923198,0
s085h19,22.987901104681747,0
s086h19,25.933719095213046,0
s087h19,20.08153603366649,0
s088h19,3.550762756443977,0
s089h19,5.010520778537612,0
s090h19,17.91162546028406,0
s091h19,19.60810099947396,0
s092h19,24.25039452919516,0
s093h19,25.07890583903209,0
s094h19,19.950026301946345,0
s095h19,28.051025775907416,0
s096h19,38.29563387690689,0
s097h19,24.907943187795897,0
s098h19,36.362440820620726,0
s099h19,26.433456075749607,0
s100h19,16.93845344555497,0
s101h19,18.424036281179138,0
s102h19,36.98979591836735,0
s103h19,14.101473922902494,0
s104h19,31.660997732426303,0
s105h19,22.888321995464853,0
s106h19,32.62471655328798,0
s107h19,28.33049886621315,0
s108h19,23.993764172335602,0
s109h19,36.42290249433107,0
s110h19,60.72845804988662,0
s111h19,17.51709626512362,0
s001h20,25.269274376417233,0
s002h20,13.194444444444445,0
s003h20,15.561224489795919,0
s004h20,13.69047619047619,0
s005h20,13.591269841269842,0
s006h20,4.29421768707483,0
s007h20,12.01814058956916,0
s008h20,7.922335600907029,0
s009h20,5.824829931972789,0
s010h20,21.159297052154194,0
s011h20,18.438208616780045,0
s012h20,12.230725623582767,0
s013h20,17.531179138321995,0
s014h20,13.095238095238095,0
s015h20,10.048185941043084,0
s016h20,10.062358276643991,0
s017h20,8.16326530612245,0
s018h20,9.268707482993197,0
s019h20,12.698412698412698,0
s020h20,16.071428571428573,0
s021h20,11.890589569160998,0
s022h20,12.627551020408163,0
s023h20,2.9326670173592846,0
s024h20,20.124716553287982,0
s025h20,16.51077097505669,0
s026h20,10.823250920568123,0
s027h20,7.426303854875283,0
s028h20,11.536281179138323,0
s029h20,15.830498866213151,0
s030h20,4.124149659863946,0
s031h20,7.808956916099773,0
s032h20,9.438775510204081,0
s033h20,12.996031746031745,0
s034h20,32.59637188208617,0
s035h20,5.272108843537415,0
s036h20,2.9053287981859413,0
s037h20,1.6581632653061225,0
s038h20,18.296485260770975,0
s039h20,15.405328798185941,0
s040h20,13.846371882086167,0
s041h20,9.240362811791384,0
s042h20,13.775510204081632,0
s043h20,22.165532879818596,0
s044h20,11.465419501133788,0
s045h20,7.936507936507937,0
s046h20,15.646258503401361,0
s047h20,25.269274376417233,0
s048h20,15.532879818594104,0
s049h20,12.35827664399093,0
s050h20,18.438208616780045,0
s051h20,10.836401893740137,0
s052h20,14.09784324039979,0
s053h20,6.7859021567596,0
s054h20,13.90057864281957,0
s055h20,8.377169910573382,0
s056h20,8.73224618621778,0
s057h20,8.193056286165175,0
s058h20,11.822724881641241,0
s059h20,6.680694371383482,0
s060h20,1.459758022093635,0
s061h20,8.140452393477117,0
s062h20,13.703314045239347,0
s063h20,7.548658600736455,0
s064h20,3.7611783271962125,0
s065h20,17.556549184639664,0
s066h20,15.360336664913204,0
s067h20,8.916359810625986,0
s068h20,31.891109942135717,0
s069h20,4.523934771173066,0
s070h20,8.850604944765912,0
s071h20,0.0,0
s072h20,7.916885849552867,0
s073h20,4.984218832193583,0
s074h20,14.623882167280378,0
s075h20,7.75907417148869,0
s076h20,10.20515518148343,0
s077h20,8.929510783798001,0
s078h20,16.044187269857968,0
s079h20,12.388216728037875,0
s080h20,18.174644923724355,0
s081h20,4.089952656496581,0
s082h20,8.416622830089427,0
s083h20,22.63282482903735,0
s084h20,22.501315097317203,0
s085h20,3.5244608100999475,0
s086h20,6.194108364018938,0
s087h20,8.771699105733825,0
s088h20,1.5255128879537085,0
s089h20,3.629668595476065,0
s090h20,4.655444502893214,0
s091h20,6.549184639663335,0
s092h20,10.15255128879537,0
s093h20,16.307206733298266,0
s094h20,7.706470278800631,0
s095h20,14.781693845344556,0
s096h20,18.41136244082062,0
s097h20,12.953708574434508,0
s098h20,10.823250920568123,0
s099h20,13.150973172014728,0
s100h20,10.165702261967386,0
s101h20,16.964285714285715,0
s102h20,6.604308390022676,0
s103h20,11.153628117913833,0
s104h20,13.775510204081632,0
s105h20,13.676303854875284,0
s106h20,9.878117913832199,0
s107h20,5.924036281179139,0
s108h20,8.290816326530612,0
s109h20,16.69501133786848,0
s110h20,50.85034013605442,0
s111h20,12.388216728037875,0
s001h21,30.72562358276644,0
s002h21,13.5062358276644,0
s003h21,18.5515873015873,0
s004h21,0.8928571428571429,0
s005h21,12.939342403628117,0
s006h21,12.854308390022675,0
s007h21,12.78344671201814,0
s008h21,7.100340136054422,0
s009h21,3.443877551020408,0
s010h21,20.450680272108844,0
s011h21,21.93877551020408,0
s012h21,15.051020408163266,0
s013h21,17.091836734693878,0
s014h21,13.959750566893424,0
s015h21,12.372448979591837,0
s016h21,16.539115646258505,0
s017h21,13.988095238095237,0
s018h21,9.63718820861678,0
s019h21,14.59750566893424,0
s020h21,12.910997732426305,0
s021h21,14.59750566893424,0
s022h21,12.202380952380953,0
s023h21,3.9189900052603894,0
s024h21,27.70691609977324,0
s025h21,22.76077097505669,0
s026h21,14.755391899000527,0
s027h21,8.942743764172336,0
s028h21,12.769274376417233,0
s029h21,17.998866213151928,0
s030h21,0.0,0
s031h21,10.501700680272108,0
s032h21,10.700113378684808,0
s033h21,13.378684807256235,0
s034h21,27.990362811791382,0
s035h21,8.815192743764172,0
s036h21,3.330498866213152,0
s037h21,1.2471655328798186,0
s038h21,18.353174603174605,0
s039h21,17.857142857142858,0
s040h21,13.605442176870747,0
s041h21,0.1417233560090703,0
s042h21,11.848072562358277,0
s043h21,24.078798185941043,0
s044h21,11.578798185941043,0
s045h21,10.615079365079366,0
s046h21,11.83390022675737,0
s047h21,30.72562358276644,0
s048h21,17.98469387755102,0
s049h21,9.991496598639456,0
s050h21,21.93877551020408,0
s051h21,9.021567596002104,0
s052h21,12.388216728037875,0
s053h21,8.968963703314046,0
s054h21,13.59810625986323,0
s055h21,8.271962125197264,0
s056h21,12.743293003682272,0
s057h21,9.455549710678591,0
s058h21,16.17569700157812,0
s059h21,7.469752761704366,0
s060h21,0.0,0
s061h21,9.20568122041031,0
s062h21,20.88374539715939,0
s063h21,10.744345081536034,0
s064h21,3.3798001052077855,0
s065h21,18.950552340873223,0
s066h21,3.261441346659653,0
s067h21,18.950552340873223,0
s068h21,32.33824302998422,0
s069h21,7.2198842714360865,0
s070h21,10.270910047343504,0
s071h21,0.0,0
s072h21,13.413992635455024,0
s073h21,6.891109942135718,0
s074h21,15.662809047869542,0
s075h21,11.217780115728564,0
s076h21,11.730668069437138,0
s077h21,13.545502367175171,0
s078h21,14.558127301420305,0
s079h21,16.01788532351394,0
s080h21,27.564439768542872,0
s081h21,4.734350341925302,0
s082h21,9.90268279852709,0
s083h21,25.683850604944766,0
s084h21,23.448185165702263,0
s085h21,4.786954234613361,0
s086h21,5.142030510257759,0
s087h21,11.62546028406102,0
s088h21,1.985796948974224,0
s089h21,2.9721199368753286,0
s090h21,9.534455549710678,0
s091h21,9.942135718043135,0
s092h21,11.349289847448711,0
s093h21,15.24197790636507,0
s094h21,8.73224618621778,0
s095h21,13.887427669647554,0
s096h21,10.20515518148343,0
s097h21,14.216201998947922,0
s098h21,13.690163072067334,0
s099h21,3.7611783271962125,0
s100h21,8.745397159389794,0
s101h21,11.026077097505668,0
s102h21,4.166666666666667,0
s103h21,10.600907029478458,0
s104h21,25.0,0
s105h21,12.868480725623582,0
s106h21,9.183673469387756,0
s107h21,9.183673469387756,0
s108h21,13.662131519274377,0
s109h21,31.235827664399093,0
s110h21,62.20238095238095,0
s111h21,16.01788532351394,0
s001h22,29.52097505668934,0
s002h22,13.917233560090702,0
s003h22,16.907596371882086,0
s004h22,5.399659863945578,0
s005h22,15.391156462585034,0
s006h22,15.575396825396826,0
s007h22,20.053854875283445,0
s008h22,12.627551020408163,0
s009h22,5.711451247165533,0
s010h22,23.767006802721088,0
s011h22,10.58673469387755,0
s012h22,12.414965986394558,0
s013h22,17.573696145124718,0
s014h22,19.85544217687075,0
s015h22,14.654195011337869,0
s016h22,20.70578231292517,0
s017h22,22.746598639455783,0
s018h22,18.055555555555557,0
s019h22,16.723356009070294,0
s020h22,19.075963718820862,0
s021h22,17.16269841269841,0
s022h22,15.547052154195011,0
s023h22,8.20620725933719,0
s024h22,30.116213151927436,0
s025h22,21.23015873015873,0
s026h22,18.503419253024724,0
s027h22,9.764739229024944,0
s028h22,13.22278911564626,0
s029h22,16.496598639455783,0
s030h22,17.431972789115648,0
s031h22,14.739229024943311,0
s032h22,16.780045351473923,0
s033h22,17.531179138321995,0
s034h22,26.785714285714285,0
s035h22,13.633786848072562,0
s036h22,5.711451247165533,0
s037h22,11.59297052154195,0
s038h22,23.157596371882086,0
s039h22,17.1343537414966,0
s040h22,15.348639455782314,0
s041h22,10.813492063492063,0
s042h22,14.668367346938776,0
s043h22,22.208049886621314,0
s044h22,13.463718820861677,0
s045h22,14.654195011337869,0
s046h22,19.699546485260772,0
s047h22,29.52097505668934,0
s048h22,18.820861678004537,0
s049h22,13.22278911564626,0
s050h22,10.58673469387755,0
s051h22,9.90268279852709,0
s052h22,15.873224618621778,0
s053h22,10.073645449763282,0
s054h22,15.29458179905313,0
s055h22,10.95476065228827,0
s056h22,14.610731194108364,0
s057h22,16.359810625986324,0
s058h22,11.849026827985272,0
s059h22,9.784324039978959,0
s060h22,10.323513940031562,0
s061h22,13.84797475013151,0
s062h22,19.76591267753814,0
s063h22,11.796422935297212,0
s064h22,8.442924776433456,0
s065h22,24.184639663335087,0
s066h22,12.09889531825355,0
s067h22,18.950552340873223,0
s068h22,44.35823250920568,0
s069h22,17.635455023671753,0
s070h22,13.492898474487111,0
s071h22,0.0,0
s072h22,10.90215675960021,0
s073h22,12.87480273540242,0
s074h22,9.994739610731195,0
s075h22,12.440820620725933,0
s076h22,12.532877432930038,0
s077h22,12.29615991583377,0
s078h22,18.043135192004208,0
s079h22,14.163598106259863,0
s080h22,20.660178853235138,0
s081h22,7.469752761704366,0
s082h22,10.165702261967386,0
s083h22,18.345607574960546,0
s084h22,20.752235665439244,0
s085h22,13.966333508679643,0
s086h22,13.76906891109942,0
s087h22,11.520252498684902,0
s088h22,3.4192530247238295,0
s089h22,6.404523934771173,0
s090h22,14.781693845344556,0
s091h22,11.572856391372962,0
s092h22,14.400315623356128,0
s093h22,22.869542346133613,0
s094h22,11.507101525512889,0
s095h22,23.132561809573907,0
s096h22,23.7506575486586,0
s097h22,21.43608627038401,0
s098h22,19.555497106785904,0
s099h22,10.060494476591268,0
s100h22,11.480799579168858,0
s101h22,15.022675736961451,0
s102h22,19.260204081632654,0
s103h22,11.30952380952381,0
s104h22,19.71371882086168,0
s105h22,18.849206349206348,0
s106h22,16.099773242630384,0
s107h22,19.472789115646258,0
s108h22,15.008503401360544,0
s109h22,22.61904761904762,0
s110h22,30.05952380952381,0
s111h22,14.163598106259863,0
s001h23,26.28968253968254,0
s002h23,17.346938775510203,0
s003h23,20.663265306122447,0
s004h23,17.828798185941043,0
s005h23,10.30328798185941,0
s006h23,15.901360544217686,0
s007h23,16.482426303854876,0
s008h23,18.735827664399093,0
s009h23,7.15702947845805,0
s010h23,21.201814058956916,0
s011h23,15.773809523809524,0
s012h23,15.376984126984127,0
s013h23,15.433673469387756,0
s014h23,23.89455782312925,0
s015h23,17.247732426303855,0
s016h23,16.865079365079364,0
s017h23,19.387755102040817,0
s018h23,20.70578231292517,0
s019h23,18.253968253968253,0
s020h23,18.89172335600907,0
s021h23,16.60997732426304,0
s022h23,14.257369614512472,0
s023h23,8.745397159389794,0
s024h23,32.31292517006803,0
s025h23,16.524943310657598,0
s026h23,19.502893214097842,0
s027h23,5.782312925170068,0
s028h23,14.328231292517007,0
s029h23,21.145124716553287,0
s030h23,15.348639455782314,0
s031h23,15.192743764172336,0
s032h23,15.844671201814059,0
s033h23,19.79875283446712,0
s034h23,32.412131519274375,0
s035h23,15.844671201814059,0
s036h23,5.86734693877551,0
s037h23,10.884353741496598,0
s038h23,21.740362811791382,0
s039h23,19.699546485260772,0
s040h23,15.674603174603174,0
s041h23,12.92517006802721,0
s042h23,20.663265306122447,0
s043h23,25.70861678004535,0
s044h23,13.26530612244898,0
s045h23,13.095238095238095,0
s046h23,12.25907029478458,0
s047h23,26.28968253968254,0
s048h23,19.79875283446712,0
s049h23,17.871315192743765,0
s050h23,15.773809523809524,0
s051h23,9.442398737506576,0
s052h23,17.872172540768016,0
s053h23,10.573382430299842,0
s054h23,18.43766438716465,0
s055h23,8.100999473961073,0
s056h23,6.430825881115203,0
s057h23,15.24197790636507,0
s058h23,11.612309310889005,0
s059h23,6.167806417674908,0
s060h23,10.257759074171489,0
s061h23,12.65123619147817,0
s062h23,17.162019989479223,0
s063h23,11.270384008416622,0
s064h23,11.638611257233036,0
s065h23,21.449237243556023,0
s066h23,18.358758548132563,0
s067h23,21.041557075223565,0
s068h23,38.53235139400316,0
s069h23,15.820620725933718,0
s070h23,13.164124145186744,0
s071h23,3.3798001052077855,0
s072h23,12.716991057338243,0
s073h23,9.166228300894266,0
s074h23,12.440820620725933,0
s075h23,16.478169384534457,0
s076h23,14.926354550236718,0
s077h23,11.941083640189374,0
s078h23,16.82009468700684,0
s079h23,11.664913203577065,0
s080h23,16.846396633350867,0
s081h23,6.549184639663335,0
s082h23,10.994213571804314,0
s083h23,25.460284061020516,0
s084h23,14.163598106259863,0
s085h23,8.456075749605471,0
s086h23,10.086796422935297,0
s087h23,12.795896896370332,0
s088h23,6.5886375591793795,0
s089h23,5.220936349289848,0
s090h23,15.781167806417676,0
s091h23,9.928984744871121,0
s092h23,15.01841136244082,0
s093h23,16.478169384534457,0
s094h23,19.83166754339821,0
s095h23,16.32035770647028,0
s096h23,21.856917411888478,0
s097h23,15.583903208837453,0
s098h23,17.609153077327722,0
s099h23,16.79379274066281,0
s100h23,12.861651762230405,0
s101h23,16.45408163265306,0
s102h23,22.349773242630384,0
s103h23,9.991496598639456,0
s104h23,17.75793650793651,0
s105h23,13.16609977324263,0
s106h23,16.65249433106576,0
s107h23,18.735827664399093,0
s108h23,13.421201814058957,0
s109h23,21.981292517006803,0
s110h23,36.21031746031746,0
s111h23,11.664913203577065,0
s001h24,39.37074829931973,0
s002h24,18.168934240362812,0
s003h24,30.994897959183675,0
s004h24,23.993764172335602,0
s005h24,22.90249433106576,0
s006h24,18.75,0
s007h24,21.598639455782312,0
s008h24,16.496598639455783,0
s009h24,5.059523809523809,0
s010h24,24.277210884353742,0
s011h24,22.604875283446713,0
s012h24,18.04138321995465,0
s013h24,23.058390022675738,0
s014h24,18.253968253968253,0
s015h24,22.51984126984127,0
s016h24,32.142857142857146,0
s017h24,22.71825396825397,0
s018h24,24.107142857142858,0
s019h24,30.00283446712018,0
s020h24,20.408163265306122,0
s021h24,18.06972789115646,0
s022h24,19.74206349206349,0
s023h24,14.110994213571804,0
s024h24,30.924036281179138,0
s025h24,22.9875283446712,0
s026h24,18.122041031036296,0
s027h24,8.829365079365079,0
s028h24,22.590702947845806,0
s029h24,19.302721088435373,0
s030h24,13.973922902494332,0
s031h24,16.87925170068027,0
s032h24,17.063492063492063,0
s033h24,24.91496598639456,0
s034h24,38.27947845804989,0
s035h24,20.677437641723355,0
s036h24,13.293650793650794,0
s037h24,10.515873015873016,0
s038h24,30.96655328798186,0
s039h24,23.71031746031746,0
s040h24,16.978458049886623,0
s041h24,24.305555555555557,0
s042h24,25.170068027210885,0
s043h24,24.957482993197278,0
s044h24,25.793650793650794,0
s045h24,14.3140589569161,0
s046h24,25.255102040816325,0
s047h24,39.37074829931973,0
s048h24,27.508503401360546,0
s049h24,15.603741496598639,0
s050h24,22.604875283446713,0
s051h24,16.109942135718043,0
s052h24,33.87690689110994,0
s053h24,10.415570752235665,0
s054h24,22.488164124145186,0
s055h24,11.993687532877432,0
s056h24,11.809573908469227,0
s057h24,14.32140978432404,0
s058h24,23.869016307206735,0
s059h24,11.90163072067333,0
s060h24,13.519200420831142,0
s061h24,13.072067332982641,0
s062h24,22.8563913729616,0
s063h24,12.927406628090479,0
s064h24,15.005260389268805,0
s065h24,27.880063124671224,0
s066h24,24.710678590215675,0
s067h24,26.512361914781692,0
s068h24,45.51551814834298,0
s069h24,15.504997369805366,0
s070h24,16.372961599158337,0
s071h24,12.62493424513414,0
s072h24,19.43713834823777,0
s073h24,15.347185691741188,0
s074h24,12.401367701209889,0
s075h24,12.611783271962125,0
s076h24,13.82167280378748,0
s077h24,15.51814834297738,0
s078h24,17.254076801683325,0
s079h24,20.331404523934772,0
s080h24,18.49026827985271,0
s081h24,7.25933719095213,0
s082h24,10.90215675960021,0
s083h24,35.74434508153603,0
s084h24,14.466070489216202,0
s085h24,10.362966859547607,0
s086h24,14.334560757496055,0
s087h24,21.015255128879538,0
s088h24,6.917411888479747,0
s089h24,6.167806417674908,0
s090h24,18.174644923724355,0
s091h24,14.005786428195686,0
s092h24,16.530773277222515,0
s093h24,18.49026827985271,0
s094h24,18.71383482377696,0
s095h24,17.385586533403472,0
s096h24,26.6044187269858,0
s097h24,14.807995791688585,0
s098h24,20.397159389794844,0
s099h24,18.148342977380327,0
s100h24,14.610731194108364,0
s101h24,21.782879818594104,0
s102h24,23.256802721088434,0
s103h24,10.246598639455783,0
s104h24,23.937074829931973,0
s105h24,14.512471655328799,0
s106h24,17.75793650793651,0
s107h24,18.849206349206348,0
s108h24,15.079365079365079,0
s109h24,29.974489795918366,0
s110h24,35.91269841269841,0
s111h24,20.331404523934772,0
s001h25,54.62018140589569,0
s002h25,26.785714285714285,0
s003h25,46.7687074829932,0
s004h25,24.135487528344672,0
s005h25,43.45238095238095,0
s006h25,25.113378684807255,0
s007h25,27.026643990929706,0
s008h25,27.4234693877551,0
s009h25,9.126984126984127,0
s010h25,33.44671201814059,0
s011h25,38.69047619047619,0
s012h25,21.598639455782312,0
s013h25,31.037414965986393,0
s014h25,27.465986394557824,0
s015h25,29.946145124716555,0
s016h25,44.175170068027214,0
s017h25,31.77437641723356,0
s018h25,41.17063492063492,0
s019h25,48.9937641723356,0
s020h25,23.157596371882086,0
s021h25,23.61111111111111,0
s022h25,26.927437641723355,0
s023h25,21.02840610205155,0
s024h25,36.394557823129254,0
s025h25,28.67063492063492,0
s026h25,21.90952130457654,0
s027h25,9.396258503401361,0
s028h25,25.28344671201814,0
s029h25,44.07596371882086,0
s030h25,23.866213151927436,0
s031h25,29.365079365079364,0
s032h25,25.637755102040817,0
s033h25,38.16609977324263,0
s034h25,56.448412698412696,0
s035h25,31.859410430839002,0
s036h25,13.605442176870747,0
s037h25,14.781746031746032,0
s038h25,35.58673469387755,0
s039h25,30.54138321995465,0
s040h25,24.263038548752835,0
s041h25,30.28628117913832,0
s042h25,33.73015873015873,0
s043h25,20.60657596371882,0
s044h25,28.373015873015873,0
s045h25,21.38605442176871,0
s046h25,22.817460317460316,0
s047h25,54.62018140589569,0
s048h25,36.19614512471655,0
s049h25,27.76360544217687,0
s050h25,38.69047619047619,0
s051h25,22.290899526564967,0
s052h25,48.54024197790636,0
s053h25,16.280904786954235,0
s054h25,29.852709100473437,0
s055h25,15.071015255128879,0
s056h25,13.611257233035245,0
s057h25,10.718043135192005,0
s058h25,29.681746449237245,0
s059h25,18.93740136770121,0
s060h25,22.21199368753288,0
s061h25,20.660178853235138,0
s062h25,32.93003682272488,0
s063h25,20.739084692267227,0
s064h25,17.49079431877959,0
s065h25,44.095213045765384,0
s066h25,41.096791162546026,0
s067h25,27.012098895318253,0
s068h25,53.4850078905839,0
s069h25,19.897422409258287,0
s070h25,20.068385060494478,0
s071h25,20.068385060494478,0
s072h25,24.815886375591795,0
s073h25,20.38400841662283,0
s074h25,20.370857443450817,0
s075h25,16.29405576012625,0
s076h25,20.88374539715939,0
s077h25,18.5691741188848,0
s078h25,26.27564439768543,0
s079h25,29.668595476065228,0
s080h25,31.601788532351392,0
s081h25,11.546554445028931,0
s082h25,19.13466596528143,0
s083h25,51.30194634402946,0
s084h25,24.868490268279853,0
s085h25,11.454497632824829,0
s086h25,18.424513413992635,0
s087h25,31.943713834823775,0
s088h25,10.113098369279326,0
s089h25,7.2461862177801155,0
s090h25,27.577590741714886,0
s091h25,12.638085218306154,0
s092h25,24.35560231457128,0
s093h25,25.61809573908469,0
s094h25,20.88374539715939,0
s095h25,26.27564439768543,0
s096h25,37.1383482377696,0
s097h25,17.306680694371384,0
s098h25,25.657548658600735,0
s099h25,19.844818516570225,0
s100h25,22.593371909521306,0
s101h25,24.362244897959183,0
s102h25,34.38208616780045,0
s103h25,12.273242630385488,0
s104h25,41.9359410430839,0
s105h25,17.02097505668934,0
s106h25,24.248866213151928,0
s107h25,27.23922902494331,0
s108h25,22.66156462585034,0
s109h25,45.5640589569161,0
s110h25,40.98639455782313,0
s111h25,29.668595476065228,0
s001h26,49.007936507936506,0
s002h26,26.006235827664398,0
s003h26,34.83560090702948,0
s004h26,32.58219954648526,0
s005h26,40.490362811791385,0
s006h26,29.4359410430839,0
s007h26,32.11451247165533,0
s008h26,30.68310657596372,0
s009h26,4.875283446712018,0
s010h26,26.077097505668934,0
s011h26,38.29365079365079,0
s012h26,22.123015873015873,0
s013h26,30.045351473922903,0
s014h26,25.62358276643991,0
s015h26,26.44557823129252,0
s016h26,26.360544217687075,0
s017h26,35.82766439909297,0
s018h26,26.488095238095237,0
s019h26,35.81349206349206,0
s020h26,20.18140589569161,0
s021h26,25.595238095238095,0
s022h26,20.776643990929706,0
s023h26,18.003682272488163,0
s024h26,37.17403628117914,0
s025h26,29.77607709750567,0
s026h26,30.931088900578644,0
s027h26,12.060657596371883,0
s028h26,31.689342403628117,0
s029h26,30.867346938775512,0
s030h26,25.155895691609977,0
s031h26,24.390589569160998,0
s032h26,22.916666666666668,0
s033h26,37.230725623582764,0
s034h26,54.56349206349206,0
s035h26,23.24263038548753,0
s036h26,20.535714285714285,0
s037h26,4.280045351473923,0
s038h26,36.77721088435374,0
s039h26,26.941609977324262,0
s040h26,15.391156462585034,0
s041h26,26.629818594104307,0
s042h26,28.38718820861678,0
s043h26,31.065759637188208,0
s044h26,25.921201814058957,0
s045h26,23.00170068027211,0
s046h26,19.954648526077097,0
s047h26,49.007936507936506,0
s048h26,43.28231292517007,0
s049h26,24.71655328798186,0
s050h26,38.29365079365079,0
s051h26,24.342451341399265,0
s052h26,41.59652814308259,0
s053h26,14.032088374539716,0
s054h26,27.72225144660705,0
s055h26,15.662809047869542,0
s056h26,13.953182535507628,0
s057h26,28.037874802735402,0
s058h26,34.00841662283009,0
s059h26,21.00210415570752,0
s060h26,20.765386638611258,0
s061h26,26.97264597580221,0
s062h26,27.288269331930564,0
s063h26,20.975802209363493,0
s064h26,6.338769068911099,0
s065h26,37.78274592319832,0
s066h26,22.251446607048923,0
s067h26,36.743819042609154,0
s068h26,55.917937927406626,0
s069h26,31.93056286165176,0
s070h26,21.475539189900054,0
s071h26,11.362440820620726,0
s072h26,21.962125197264598,0
s073h26,23.908469226722776,0
s074h26,22.15938979484482,0
s075h26,24.473961073119412,0
s076h26,22.895844292477644,0
s077h26,22.488164124145186,0
s078h26,22.711730668069436,0
s079h26,30.128879537085744,0
s080h26,33.06154655444503,0
s081h26,17.01735928458706,0
s082h26,14.150447133087848,0
s083h26,43.91109942135718,0
s084h26,21.18621778011573,0
s085h26,20.85744345081536,0
s086h26,22.488164124145186,0
s087h26,26.3413992635455,0
s088h26,3.8137822198842715,0
s089h26,6.680694371383482,0
s090h26,24.22409258285113,0
s091h26,23.671751709626513,0
s092h26,26.407154129405576,0
s093h26,45.06838506049448,0
s094h26,22.75118358758548,0
s095h26,26.81483429773803,0
s096h26,27.498684902682797,0
s097h26,12.769594950026303,0
s098h26,39.66333508679642,0
s099h26,22.987901104681747,0
s100h26,18.358758548132563,0
s101h26,17.41780045351474,0
s102h26,38.98809523809524,0
s103h26,7.653061224489796,0
s104h26,35.72845804988662,0
s105h26,25.949546485260772,0
s106h26,24.489795918367346,0
s107h26,25.538548752834465,0
s108h26,21.71201814058957,0
s109h26,35.62925170068027,0
s110h26,57.56802721088435,0
s111h26,30.128879537085744,0
s001h27,31.39172335600907,0
s002h27,13.676303854875284,0
s003h27,19.160997732426303,0
s004h27,17.857142857142858,0
s005h27,24.759070294784582,0
s006h27,5.5980725623582765,0
s007h27,14.41326530612245,0
s008h27,0.15589569160997732,0
s009h27,6.292517006802721,0
s010h27,21.32936507936508,0
s011h27,22.56235827664399,0
s012h27,9.651360544217686,0
s013h27,13.3078231292517,0
s014h27,12.07482993197279,0
s015h27,12.45748299319728,0
s016h27,13.860544217687075,0
s017h27,7.780612244897959,0
s018h27,8.772675736961451,0
s019h27,15.858843537414966,0
s020h27,2.366780045351474,0
s021h27,13.350340136054422,0
s022h27,13.5062358276644,0
s023h27,1.7622304050499737,0
s024h27,10.062358276643991,0
s025h27,13.26530612244898,0
s026h27,12.164650184113624,0
s027h27,6.575963718820861,0
s028h27,18.735827664399093,0
s029h27,18.310657596371883,0
s030h27,7.610544217687075,0
s031h27,10.175736961451246,0
s032h27,10.785147392290249,0
s033h27,26.374716553287982,0
s034h27,28.784013605442176,0
s035h27,5.328798185941043,0
s036h27,9.849773242630386,0
s037h27,2.6502267573696145,0
s038h27,15.263605442176871,0
s039h27,15.065192743764172,0
s040h27,0.0,0
s041h27,6.887755102040816,0
s042h27,14.512471655328799,0
s043h27,12.769274376417233,0
s044h27,7.171201814058957,0
s045h27,10.700113378684808,0
s046h27,12.429138321995465,0
s047h27,31.39172335600907,0
s048h27,24.14965986394558,0
s049h27,11.649659863945578,0
s050h27,22.56235827664399,0
s051h27,15.610205155181484,0
s052h27,13.90057864281957,0
s053h27,9.113624408206208,0
s054h27,15.49184639663335,0
s055h27,8.50867964229353,0
s056h27,3.682272488164124,0
s057h27,10.731194108364019,0
s058h27,11.8753287743293,0
s059h27,7.693319305628616,0
s060h27,10.48132561809574,0
s061h27,9.744871120462914,0
s062h27,15.886375591793792,0
s063h27,7.930036822724881,0
s064h27,3.195686480799579,0
s065h27,17.714360862703842,0
s066h27,0.0,0
s067h27,22.27774855339295,0
s068h27,38.13782219884271,0
s069h27,4.0504997369805364,0
s070h27,11.599158337716991,0
s071h27,3.5244608100999475,0
s072h27,11.125723303524461,0
s073h27,5.023671751709626,0
s074h27,9.771173066806943,0
s075h27,8.390320883745398,0
s076h27,10.783798001052078,0
s077h27,12.138348237769595,0
s078h27,14.203051025775908,0
s079h27,14.558127301420305,0
s080h27,14.860599684376643,0
s081h27,4.747501315097317,0
s082h27,5.31299316149395,0
s083h27,24.342451341399265,0
s084h27,12.756443976854287,0
s085h27,4.61599158337717,0
s086h27,5.983692793266702,0
s087h27,13.058916359810626,0
s088h27,3.340347185691741,0
s089h27,4.36612309310889,0
s090h27,10.218306154655444,0
s091h27,10.20515518148343,0
s092h27,8.784850078905839,0
s093h27,32.9431877958969,0
s094h27,10.468174644923725,0
s095h27,15.215675960021041,0
s096h27,14.347711730668069,0
s097h27,4.813256180957391,0
s098h27,14.57127827459232,0
s099h27,16.254602840610204,0
s100h27,11.835875854813256,0
s101h27,17.517006802721088,0
s102h27,5.34297052154195,0
s103h27,6.476757369614512,0
s104h27,14.937641723356009,0
s105h27,13.832199546485262,0
s106h27,12.244897959183673,0
s107h27,5.853174603174603,0
s108h27,7.709750566893424,0
s109h27,19.43027210884354,0
s110h27,33.12074829931973,0
s111h27,14.558127301420305,0
s001h28,28.854875283446713,0
s002h28,12.329931972789115,0
s003h28,16.284013605442176,0
s004h28,15.36281179138322,0
s005h28,16.7375283446712,0
s006h28,12.854308390022675,0
s007h28,19.345238095238095,0
s008h28,10.204081632653061,0
s009h28,6.646825396825397,0
s010h28,18.027210884353742,0
s011h28,21.95294784580499,0
s012h28,10.643424036281179,0
s013h28,14.739229024943311,0
s014h28,17.36111111111111,0
s015h28,12.003968253968255,0
s016h28,17.729591836734695,0
s017h28,19.260204081632654,0
s018h28,13.988095238095237,0
s019h28,15.787981859410431,0
s020h28,8.829365079365079,0
s021h28,12.45748299319728,0
s022h28,13.917233560090702,0
s023h28,6.864807995791689,0
s024h28,15.320294784580499,0
s025h28,16.36904761904762,0
s026h28,13.703314045239347,0
s027h28,6.023242630385488,0
s028h28,16.865079365079364,0
s029h28,14.03061224489796,0
s030h28,7.412131519274377,0
s031h28,13.194444444444445,0
s032h28,12.131519274376418,0
s033h28,26.062925170068027,0
s034h28,22.930839002267575,0
s035h28,16.425736961451246,0
s036h28,16.014739229024944,0
s037h28,14.356575963718821,0
s038h28,17.672902494331066,0
s039h28,14.69671201814059,0
s040h28,9.282879818594104,0
s041h28,2.86281179138322,0
s042h28,15.121882086167801,0
s043h28,14.016439909297052,0
s044h28,7.780612244897959,0
s045h28,10.005668934240363,0
s046h28,14.342403628117914,0
s047h28,28.854875283446713,0
s048h28,16.7375283446712,0
s049h28,12.78344671201814,0
s050h28,21.95294784580499,0
s051h28,12.546028406102051,0
s052h28,13.308784850078906,0
s053h28,7.916885849552867,0
s054h28,12.927406628090479,0
s055h28,7.930036822724881,0
s056h28,8.903208837453972,0
s057h28,16.044187269857968,0
s058h28,13.874276696475539,0
s059h28,8.56128353498159,0
s060h28,13.413992635455024,0
s061h28,11.415044713308784,0
s062h28,16.109942135718043,0
s063h28,10.533929510783798,0
s064h28,11.415044713308784,0
s065h28,17.977380326144136,0
s066h28,12.585481325618096,0
s067h28,24.210941609679118,0
s068h28,40.728563913729616,0
s069h28,14.926354550236718,0
s070h28,11.086270384008417,0
s071h28,7.0094687006838505,0
s072h28,7.601262493424513,0
s073h28,10.718043135192005,0
s074h28,9.297738032614413,0
s075h28,12.15149921094161,0
s076h28,14.505523408732246,0
s077h28,15.189374013677012,0
s078h28,18.424513413992635,0
s079h28,11.09942135718043,0
s080h28,14.137296159915834,0
s081h28,6.233561283534981,0
s082h28,9.310889005786429,0
s083h28,20.21304576538664,0
s084h28,9.245134139926355,0
s085h28,7.903734876380852,0
s086h28,11.191478169384535,0
s087h28,12.29615991583377,0
s088h28,14.558127301420305,0
s089h28,5.483955812730142,0
s090h28,10.599684376643872,0
s091h28,13.637559179379274,0
s092h28,14.189900052603893,0
s093h28,21.199368753287743,0
s094h28,10.849552866912152,0
s095h28,19.423987375065757,0
s096h28,9.652814308258812,0
s097h28,10.192004208311415,0
s098h28,15.79431877958969,0
s099h28,13.979484481851657,0
s100h28,11.362440820620726,0
s101h28,25.439342403628117,0
s102h28,12.92517006802721,0
s103h28,9.452947845804989,0
s104h28,18.976757369614514,0
s105h28,4.520975056689342,0
s106h28,14.682539682539682,0
s107h28,13.02437641723356,0
s108h28,12.670068027210885,0
s109h28,24.220521541950113,0
s110h28,20.535714285714285,0
s111h28,11.09942135718043,0
